findIdentifier,id,old_findID,objecttype,broadperiod,description,notes,periodFrom,periodTo,fromdate,todate,workflow,institution,smrRef,otherRef,created,updated,weight,secuid,diameter,thickness,quantity,material,subsequentAction,completeness,discovery,regionID,countyID,parishID,districtID,county,district,parish,knownas,fourFigure,what3words,precision,findspotcode,ruler,denomination,obverseDescription,obverseLegend,reverseDescription,reverseLegend,reeceID,mintmark,denominationName,rulerName,materialTerm,primaryMaterialBM,completenessTerm,periodFromName,periodFromBM,periodToName,periodToBM,broadperiodBM,discoveryMethod,subsequentActionTerm,filename,thumbnail,imagedir,regionName,objectCertainty,objectCertaintyID,timestamp,datefound1,datefound2,manufacture,fourFigureLat,fourFigureLon,mint,axis,mintName,pleiadesID,nomismaMintID,mintWoeid,mintBM,rulerNomisma,rulerDbpedia,rulerViaf,manufactureTerm,moneyer,rrcID,moneyerName,moneyerViaf,moneyerBM,preservation,preservationTerm,secondaryMaterial,secondaryMaterialTerm,secondaryMaterialBM,ricID,width,length,currentLocation,treasure,rally,TID,note,fromsubperiod,tosubperiod,subperiodFrom,subperiodTo
finds-1233746,1233746,GAT-06A665,COIN,ROMAN,A silver Roman denarius of Augustus (27&nbsp;BC-AD14) or Tiberius (AD&nbsp;14-37) dating to the period c. 27&nbsp;BC-AD&nbsp;37 (Reece Period 1).&nbsp;Unclear reverse type. Unclear mint.,Until 28/08/2025 this find was grouped under ID: GAT-EC0285.,21,21,-27.0,37.0,3,GAT,100613.0,PAS2022-15,2025-08-28T15:40:38Z,2025-08-28T16:13:40Z,2.5,PAS68B06A6600157B,18.0,1.0,1,22.0,1,4,1,41424.0,25482.0,20918.0,25482.0,Isle of Anglesey,Isle of Anglesey,Restricted Access,Llanfachraeth,Restricted Access,bands.shops.handy,10.0,GAT-06A6E0,127.0,25,Unclear laurate(?) head right,[ ],Unclear,[ ],1,-/-//-,Denarius (Empire),Julio-Claudian (uncertain),Silver,11728.0,Complete,ROMAN,x41218,ROMAN,x41218,x41218,Metal detector,Returned to finder,GAT-06A665_68b06c8915771.jpg,1346557.0,images/derby94/,Wales,Certain,1,2025-08-28T15:13:40.456Z,,,,53.3141694,-4.5388991,,,,,,,,,,,,,,,,,,,,,,,,,,,,,,,,,
finds-1230870,1230870,YORYM-493963,COIN,ROMAN,"A silver Roman denarius of Tiberius (AD 14-37) dating to the period c. AD 36-37 (Reece Period 1). PONTIF MAXIM reverse type depicting a female figure seated right holding vertical sceptre and branch. Mint of Lyon.

RIC I, p.95, no.26.",,21,21,36.0,37.0,4,YORYM,,YMT : E07766,2025-08-07T12:52:54Z,2025-08-20T10:11:28Z,3.6,PAS689493960012C9,18.8,,1,22.0,1,4,1,41430.0,22028.0,21812.0,21490.0,North Yorkshire,Harrogate,Healey,,SE1578,bands.shops.handy,10.0,YORYM-495472,244.0,25,Laureate head right,Illegible,Female figure seated right holding vertical sceptre and branch,PONTIF MAXIM,1,,Denarius (Empire),Tiberius,Silver,11728.0,Complete,ROMAN,x41218,ROMAN,x41218,x41218,Metal detector,Returned to finder,YORYM-493963_68a59124800a5.jpg,1345203.0,images/bmorris/,Yorkshire and the Humber,Certain,1,2025-08-20T09:11:28.629Z,2025-02-02T00:00:00Z,2025-02-02T00:00:00Z,2.0,54.19754045,-1.77158015,137.0,6.0,Lugdunum,167717.0,lugdunum,20068132.0,x29284,tiberius,Tiberius,89600176.0,Struck or hammered,,,,,,,,,,,,,,,,,,,,,,
finds-1228996,1228996,SUR-609809,COIN,ROMAN,"A&nbsp;worn silver Roman Republican denarius issued by the moneyer Vibius Pansa Caetronianus, C. and dating to 48 BC. Obverse: mask of bearded Pan, right, PANSA below. Reverse: Jupiter Anxurus seated left, holding patera and sceptre, [C VIBIVS C F C N IOVIS AXVR]. Mint of Rome. &nbsp;As RRC 449/1; CRR 947-948a.",Recorded from details emailed by the finder.,21,21,-48.0,-48.0,4,SUR,,,2025-07-27T12:12:00Z,2025-07-28T13:58:50Z,4.0,PAS688609800019A6,18.0,,1,22.0,1,4,1,41421.0,13965.0,13877.0,13870.0,Surrey,Tandridge,Titsey,,TQ4054,bands.shops.handy,10.0,SUR-609EE7,242.0,188,"Mask of bearded pan, right.",PANSA,Jupiter Anxurus seated left holding patera and sceptre.,[...],1,,Denarius (Roman Republic),Republic,Silver,11728.0,Complete,ROMAN,x41218,ROMAN,x41218,x41218,Metal detector,Returned to finder,SUR-609809_688773ef6844e.jpg,1341964.0,images/smaslin/,South East,Certain,1,2025-07-28T12:58:50.427Z,2025-07-26T00:00:00Z,,2.0,51.26796582,0.00539315,180.0,,Rome,423025.0,rome,12843585.0,x25706,,,,Struck or hammered,,,,,,,,,,,,,,,,,,,,,,
finds-1227572,1227572,NMS-78A76D,COIN,ROMAN,A Roman&nbsp;silver&nbsp;Republican denarius of Mark Antony (43-31&nbsp;BC) dating to 32-31 BC&nbsp;(Reece Period 1).&nbsp;&nbsp;LEG VI reverse depicting Aquila between two standards. Border of dots. Travelling mint.&nbsp;As RRC 544/19,,21,21,32.0,31.0,4,NMS,41331.0,FDBG27042024PH1,2025-07-16T12:18:14Z,2025-07-16T12:21:33Z,3.23,PAS68778A76001E16,17.3,1.7,1,22.0,1,4,1,41425.0,7238.0,6438.0,6724.0,Norfolk,South Norfolk,Ditchingham,,TM3490,bands.shops.handy,10.0,NMS-78A80C,242.0,188,"Ship, right, with sceptre tied with fillet on prow. Border of dots.",AN[T·AVG III·]VIR·R·P·C,Aquila between two standards. Border of dots.,LEG VI,1,,Denarius (Roman Republic),Republic,Silver,11728.0,Complete,ROMAN,x41218,ROMAN,x41218,x41218,Metal detector,Returned to finder,,,,Eastern,Certain,1,2025-07-16T11:21:33.336Z,2023-12-01T00:00:00Z,2024-04-27T00:00:00Z,2.0,52.45778299,1.44280915,297.0,3.0,Moving with Republican issuer,,,,,,,,Struck or hammered,368.0,rrc-544.19,"Antonius, M.",88759462.0,59282.0,,,,,,,,,,,,,,,,,
finds-1226906,1226906,SUR-4C2E85,COIN,ROMAN,"An extremely worn silver Roman Republican Denarius of the moneyer Mn Fonteius dating to 108-107 BC. Obverse: conjoined heads of the Dioscuri, right. Reverse: illegible, but would have depicted a galley, right.&nbsp;No legends visible. Mint of Rome. Cf. RRC 307/1; Sear 184.",Recorded from details emailed by the finder.,21,21,-108.0,-107.0,4,SUR,,,2025-07-14T09:42:16Z,2025-07-14T09:45:15Z,3.2,PAS6874C2E800151B,20.0,,1,22.0,1,4,1,41421.0,8328.0,8306.0,8253.0,Oxfordshire,South Oxfordshire,Nuffield,,SU6588,bands.shops.handy,10.0,SUR-4C315C,242.0,188,"Conjoined heads of the Dioscuri, right.",[...],Illegible,[...],1,,Denarius (Roman Republic),Republic,Silver,11728.0,Complete,ROMAN,x41218,ROMAN,x41218,x41218,Metal detector,Returned to finder,SUR-4C2E85_6874db2471a8b.jpg,1339776.0,images/smaslin/,South East,Certain,1,2025-07-14T10:25:43.935Z,2022-09-25T00:00:00Z,,2.0,51.58711477,-1.06319602,180.0,,Rome,423025.0,rome,12843585.0,x25706,,,,Struck or hammered,154.0,,"Fonteius, Mn.",,176857.0,,,,,,,,,,,,,,,,,
finds-1226546,1226546,NMS-E7CC18,COIN,ROMAN,"Copper alloy as or dupondius of uncertain Julio-Claudian emperor, extremely worn, reverse worn smooth, c,AD37-54&nbsp;",,21,21,37.0,54.0,4,NMS,30857.0,INDFR122024AR,2025-07-09T15:29:21Z,2025-07-09T15:30:32Z,,PAS686E7CC100184B,,,1,7.0,1,4,1,41425.0,7238.0,7214.0,7016.0,Norfolk,King's Lynn and West Norfolk,North Runcton,,TF6417,bands.shops.handy,10.0,NMS-E7D034,,167,,,,,1,,Dupondius or as,,Copper alloy,10627.0,Complete,ROMAN,x41218,ROMAN,x41218,x41218,Metal detector,Returned to finder,,,,Eastern,Certain,1,2025-07-09T14:30:32.262Z,2024-11-06T00:00:00Z,2024-11-06T00:00:00Z,2.0,52.72578286,0.42706105,,,,,,,,,,,Struck or hammered,,,,,,,,,,,,,,,,,,,,,,
finds-1225966,1225966,BERK-8F4653,COIN,ROMAN,A worn silver Roman Republican denarius of Marc Antony dating to the period&nbsp;32-31&nbsp;BC&nbsp;(Reece period 1). LEG [...]: Aquila between two standards. Border of dots. Travelling mint.,,21,21,-32.0,-31.0,4,BERK,,,2025-07-05T10:46:13Z,2025-07-15T09:31:00Z,2.54,PAS6868F465001347,17.5,1.8,1,22.0,1,2,1,41421.0,17765.0,17635.0,17653.0,Hampshire,Basingstoke and Deane,Silchester,,SU6361,bands.shops.handy,10.0,BERK-8F4A66,242.0,188,"Ship, right, with sceptre tied with fillet on prow. Border of dots.",[ANT·AVG III·VIR·]R·P·C,Worn. Aquila between two standards. Border of dots.,[...],1,,Denarius (Roman Republic),Republic,Silver,11728.0,Incomplete,ROMAN,x41218,ROMAN,x41218,x41218,Metal detector,Returned to finder,BERK-8F4653_687611bc28843.jpg,1339964.0,images/pipsmither/,South East,Certain,1,2025-07-15T08:31:00.358Z,2025-01-01T00:00:00Z,,2.0,51.34460092,-1.09686329,297.0,,Moving with Republican issuer,,,,,,,,Struck or hammered,368.0,,"Antonius, M.",88759462.0,59282.0,2.0,Good,,,,,,,,,,,,,,,
finds-1225964,1225964,BERK-8F1AC6,COIN,ROMAN,"A silver Roman Republican denarius of&nbsp;P. Clodius&nbsp;(42 BC) dating to the period 42 BC (Reece period 1)&nbsp;P&middot;CLODIVS M&middot;F; Diana standing facing, with bow and quiver over shoulder, holding lighted torch in each hand. Border of dots. Mint of Rome.&nbsp;RRC 494/23

The reverse has a bulge obscuring the reverse and showing what appears to be a copper alloy core.",,21,21,-42.0,-42.0,4,BERK,,,2025-07-05T10:34:36Z,2025-07-15T09:34:48Z,4.88,PAS6868F1AC001677,20.7,5.1,1,22.0,1,2,1,41421.0,17765.0,17635.0,17653.0,Hampshire,Basingstoke and Deane,Silchester,,SU6261,bands.shops.handy,10.0,BERK-8F1CDD,242.0,188,"Laureate head of Apollo, right. Border of dots, lyre behind",,"Diana standing facing, with bow and quiver over shoulder, holding lighted torch in each hand. Border of dots.",[P·CLODIVS M·F],1,,Denarius (Roman Republic),Republic,Silver,11728.0,Incomplete,ROMAN,x41218,ROMAN,x41218,x41218,Metal detector,Returned to finder,BERK-8F1AC6_687612a110ec4.jpg,1339967.0,images/pipsmither/,South East,Certain,1,2025-07-15T08:34:48.119Z,2025-01-01T00:00:00Z,,2.0,51.34471069,-1.11121893,180.0,,Rome,423025.0,rome,12843585.0,x25706,,,,Struck or hammered,303.0,rrc-494.23,"Clodius, P.",,177756.0,2.0,Good,7.0,Copper alloy,10627.0,,,,,,,,,,,,
finds-1225829,1225829,SF-683A10,COIN,ROMAN,"A complete silver Roman denarius issued by the moneyer Marcus&nbsp;Sanquinius under Augustus ( 27 BC-14 AD),&nbsp;commemorating the&nbsp;deified Julius Caesar, during the year 17 BC (Reece period 1).&nbsp;AVGVST DIVI F LVDOS SAE&nbsp;reverse type, depicting Herald or Ludius standing left, wearing long robe and helmet with two long feathers, and holding winged caduceus and round shield ornamented with a six-pointed star. Mint of Rome.

RIC I, no.340",,21,21,-17.0,,4,SF,,,2025-07-03T14:20:33Z,2025-07-15T11:25:33Z,3.21,PAS686683A1001082,18.17,,1,22.0,1,4,1,41425.0,15934.0,15668.0,15674.0,Suffolk,Mid Suffolk,Restricted Access,Baylham,Restricted Access,bands.shops.handy,10.0,SF-683A62,243.0,25,"Youthful, laureate head of Julius Caesar (or the Genius Saeculari Novi) right, a comet with four rays and a tail above",M SANQVINIVS III VIR,"Herald or ludius standing left, wearing long robe and helmet with two long feathers, and holding winged caduceus and round shield ornamented with a six-pointed star.",AVGVST DIVI F LVDOS SAE,1,-//-,Denarius (Empire),Augustus,Silver,11728.0,Complete,ROMAN,x41218,ROMAN,x41218,x41218,Metal detector,Returned to finder,SF-683A10_68762c8c57dc5.jpg,1340033.0,images/karenh/,Eastern,Certain,1,2025-07-15T10:25:33.777Z,2025-01-01T00:00:00Z,,2.0,52.1282329,1.0819174,180.0,6.0,Rome,423025.0,rome,12843585.0,x25706,augustus,Augustus,18013086.0,Struck or hammered,,,,,,,,,,,,,,,,,,,,,,
finds-1225730,1225730,KENT-55AA42,COIN,ROMAN,"A silver Roman republican denarius of L. Trebanius dating to c. 135 BC (Reece Period 1). Obverse: Helmeted head of Roma, right, with curl on left shoulder. Denominational mark X behind.&nbsp;Border of dots. Reverse: L&middot;T͡REBA͡NI // ROMA. Jupiter in quadriga, right, holding sceptre and reins in left hand and hurling thunderbolt with right hand. Line border.&nbsp;Mint of Rome. RRC, p. 272, no. 241/1a.&nbsp;

Measurements: Diameter: 18.1mm; weight: 3.56g. Die axis:&nbsp;",,21,21,-135.0,-135.0,3,KENT,,,2025-07-02T17:13:24Z,2025-07-03T14:02:11Z,3.56,PAS68655AA40011A3,18.1,,1,22.0,1,4,1,,18210.0,18270.0,18242.0,Kent,Swale,Sheppey Central,,TQ9371,bands.shops.handy,10.0,KENT-55D7B6,242.0,188,"Helmeted head of Roma, right, with curl on left shoulder. Denominational mark X behind. Border of dots",,"Jupiter in quadriga, right, holding sceptre and reins in left hand and hurling thunderbolt with right hand. Line border",L·T͡REB[A͡NI // ROMA],1,-/-//-,Denarius (Roman Republic),Republic,Silver,11728.0,Complete,ROMAN,x41218,ROMAN,x41218,x41218,Metal detector,Returned to finder,KENT-55AA42_68655af514f86.jpg,1338546.0,images/eb768/,,Certain,1,2025-07-03T13:02:11.979Z,,,2.0,51.40518041,0.7734847,180.0,6.0,Rome,423025.0,rome,12843585.0,x25706,,,,Struck or hammered,83.0,rrc-241.1a,"Trebanius, L.",,175315.0,1.0,Fair,,,,,,,,,,,,,,,
finds-1224177,1224177,WAW-932FCA,COIN,ROMAN,"A silver Roman Republican denarius of Q. Lutatius Cerco dating to the period c. 109-108&nbsp;BC&nbsp;(Reece Period 1). Obverse: ROMA.&nbsp;Head of Roma, right, wearing helmet with plume on each side; denominational mark X behind.&nbsp;Border of dots. Reverse:&nbsp;Q&middot;LV͡TATI Q. Ship, right; around, oak-wreath. Border of dots. Mint of Rome.&nbsp;RRC, p. 315, no. 305/1.

Overall dimensions: 19mm in diameter, 1.9mm in thickness and 3.23g in weight.&nbsp;",,21,21,-109.0,-108.0,4,WAW,,,2025-06-23T11:57:00Z,2025-06-23T12:00:49Z,3.23,PAS685932FC001B0C,19.0,1.9,1,22.0,1,4,1,41426.0,43822.0,9435.0,43822.0,Shropshire,Shropshire,Morville,,SO6796,bands.shops.handy,10.0,WAW-933B05,242.0,188,"Head of Roma, right, wearing helmet with plume on each side. Border of dots; denominational mark X behind",ROMA,"Ship, right; around, oak-wreath. Border of dots.",Q·LV͡TATI/Q,1,-/-//-,Denarius (Roman Republic),Republic,Silver,11728.0,Complete,ROMAN,x41218,ROMAN,x41218,x41218,Metal detector,Returned to finder,WAW-932FCA_685a792a0d8a2.jpg,1337339.0,images/sburford/,West Midlands,Certain,1,2025-06-24T10:08:44.389Z,2025-04-20T00:00:00Z,,2.0,52.56082562,-2.48822105,180.0,9.0,Rome,423025.0,rome,12843585.0,x25706,,,,Struck or hammered,,,,,,2.0,Good,,,,,,,,,,,,,,,
finds-1224086,1224086,SWYOR-91E15B,COIN,ROMAN,"A silver Roman Republican coin, a denarius issued by&nbsp;Cn. Lucretius Trio and dating from 136 BC (Reece Period 1).&nbsp;Dioscuri galloping right reverse type. Mint of Rome. See RRC 237/1a (http://numismatics.org/crro/id/rrc-237.1a).

Thickness:&nbsp;2.15mm
Weight:&nbsp;2.96g
Diameter:&nbsp;17.14mm",,21,21,-136.0,-136.0,4,SWYOR,,Pas Form 004660,2025-06-23T10:27:49Z,2025-07-22T16:22:03Z,2.96,PAS68591E15001BC0,17.14,2.15,1,22.0,1,4,1,41430.0,9182.0,9226.0,9182.0,Barnsley,Barnsley,Oxspring,,SE2501,bands.shops.handy,10.0,SWYOR-91FEF3,242.0,188,"Helmeted head of Roma, left. Border of dots.",TRIO,Dioscuri galloping right. Line border within border of dots.,C[N·LVCR ROMA],1,,Denarius (Roman Republic),Republic,Silver,11728.0,Complete,ROMAN,x41218,ROMAN,x41218,x41218,Metal detector,Returned to finder,SWYOR-91E15B_6862c07573466.jpg,1338204.0,images/ikw1945/,Yorkshire and the Humber,Certain,1,2025-07-22T15:22:03.481Z,2024-04-17T00:00:00Z,2024-04-17T00:00:00Z,2.0,53.50510141,-1.6245452,180.0,4.0,Rome,423025.0,rome,12843585.0,x25706,,,,Struck or hammered,79.0,rrc-237.1a,"Lucretius Trio, Cn.",,175254.0,,,,,,,,,,,,,,,,,
finds-1224038,1224038,HAMP-905009,COIN,ROMAN,"A complete silver Roman denarius of Tiberius, dating to the period AD 14-37 (Reece period 1). PONTIF MAXIM reverse type, depicting Livia as Pax, seated right, feet on stool, grounded sceptre in right hand, olive branch in outstretched left; chair with ornate legs, double line below. RIC I 26.",Recorded from details emailed by the finder.,21,21,14.0,37.0,4,HAMP,,Hayling Detect,2025-06-23T08:40:48Z,2025-06-24T11:07:01Z,3.47,PAS685905000019F8,19.37,1.92,1,22.0,1,4,1,41421.0,17765.0,17413.0,17315.0,Hampshire,East Hampshire,East Meon,,SU6922,bands.shops.handy,10.0,HAMP-9092B9,244.0,25,Tiberius Caesar Divi Augusti Filius Augustus.,TI CAESAR DIVI AVG F AVGVSTVS,"Female figure, draped, right, seated, right holding branch and long vertical sceptre, on chair with ornamented legs; below chair, a single line.",PONTIF MAXIM,1,,Denarius (Empire),Tiberius,Silver,11728.0,Complete,ROMAN,x41218,ROMAN,x41218,x41218,Metal detector,Returned to finder,HAMP-905009_68590bb613a11.jpg,1336956.0,images/akendell/,South East,Certain,1,2025-06-24T10:07:01.287Z,2025-06-14T00:00:00Z,,2.0,50.99327024,-1.01820318,,7.0,,,,,,tiberius,Tiberius,89600176.0,Struck or hammered,,,,,,,,,,,ric.1(2).tib.26,,,,,,,,,,,
finds-1223903,1223903,LIN-561371,COIN,ROMAN,"A silver Roman republican denarius issued by C. Publicius Malleolus&nbsp;dating to the period c. 95-90&nbsp;BC (Reece Period 1). Obverse: Helmeted head of Mars, right; above, hammer; below, X.&nbsp;Border of dots. Reverse: C&middot;MAL. Naked warrior standing left, holding spear in right hand and placing right foot on cuirass; on left, trophy; on right, prow; above prow, inscription. Border of dots. Mint of Rome. RRC, p. 333, no. 335/3a.

Diameter: 17.3mm;&nbsp;thickness: 1.8mm; weight: 3.08g; die axis: 9.",,21,21,-90.0,-95.0,3,LIN,,,2025-06-20T14:25:11Z,2025-08-21T11:11:21Z,3.08,PAS68556137001178,17.3,1.8,1,22.0,1,4,1,41423.0,5942.0,5949.0,5317.0,Lincolnshire,East Lindsey,Restricted Access,Near Bratoft,Restricted Access,bands.shops.handy,10.0,LIN-562194,242.0,188,"Helmeted head of Mars, right; above, hammer; below, X. Border of dots.",,"Naked warrior standing left, holding spear in right hand and placing right foot on cuirass; on left, trophy; on right, prow; above prow, inscription. Border of dots.",[C].MA[L],1,-/-//-,Denarius (Roman Republic),Republic,Silver,11728.0,Complete,ROMAN,x41218,ROMAN,x41218,x41218,Metal detector,Returned to finder,LIN-561371_68a6c5f4ac9a4.jpg,1345443.0,images/rod/,East Midlands,Certain,1,2025-08-21T10:11:21.509Z,,,2.0,,,180.0,9.0,Rome,423025.0,rome,12843585.0,x25706,,,,Struck or hammered,184.0,rrc-335.3a,"Publicius Malleolus, C.",,88146.0,,,,,,,,,,,,,,,,,
finds-1223194,1223194,BUC-134FE1,COIN,ROMAN,"A silver Roman denarius of Augustus (31-14&nbsp;BC) dating to 18 BC, Reece period 1. CAESARI AVGVSTO reverse type depicting triumphal quad walking right, panels ornamented, surmounted&nbsp;&nbsp;by four miniature galloping horses. Mint of Colonia. RIC 1, number 96, Seaby 1967, page 136, number 78.",,21,21,18.0,18.0,4,BUC,,PAS 0912,2025-06-17T10:27:26Z,2025-06-23T14:37:26Z,3.46,PAS685134FE001171,,,1,22.0,1,4,1,41421.0,38413.0,12061.0,38413.0,Milton Keynes,Milton Keynes,Hanslope,,SP7848,bands.shops.handy,10.0,BUC-13571A,243.0,25,"oga picta over tunica palmata between aquila, left, and wreath, right",S P Q R PARE CONS SVO,"low quadriga right, with four miniature horses",CAESARI AVGVSTO,1,,Denarius (Empire),Augustus,Silver,11728.0,Complete,ROMAN,x41218,ROMAN,x41218,x41218,Metal detector,Returned to finder,BUC-134FE1_68513593a9599.jpg,1335769.0,images/ajames/,South East,Certain,1,2025-06-23T13:37:26.504Z,2025-03-26T00:00:00Z,,2.0,52.1248177,-0.86206972,,6.0,,,,,,augustus,Augustus,18013086.0,Struck or hammered,,,,,,,,,,,,18.6,18.9,,,,,,,,,
finds-1222733,1222733,WMID-C303A6,COIN,ROMAN,"A Roman Republican silver denarius serratus issued by&nbsp;L Roscius Fabatus, c. 64 BC (Reece period 1). Obverse depicts the head of Juno Sospita wearing goat skin, facing left. Control mark behind.

FABATI reverse type&nbsp;depicting&nbsp;a girl and snake facing each other.&nbsp;Mint of Rome.

RRC no.412/1",,21,21,-64.0,-64.0,4,WMID,,,2025-06-13T15:05:46Z,2025-07-08T14:07:37Z,3.2,PAS684C303A0015DF,17.1,,1,22.0,1,4,1,41423.0,13688.0,13557.0,13672.0,Derbyshire,Derbyshire Dales,Boylestone,,SK1635,bands.shops.handy,10.0,WMID-C30FE3,242.0,179,"Head of Juno Sospita wearing goats skin, facing left. Control mark behind.",[L.ROSCI],Girl and snake facing each other,[FABATI],1,,Denarius serratus (Roman Republic),Republic,Silver,11728.0,Complete,ROMAN,x41218,ROMAN,x41218,x41218,Metal detector,Returned to finder,WMID-C303A6_686d16ce9fc4d.jpg,1339173.0,images/tgilmore/,East Midlands,Certain,1,2025-07-08T13:07:37.15Z,2025-01-26T00:00:00Z,,2.0,52.91219146,-1.76352148,180.0,6.0,Rome,423025.0,rome,12843585.0,x25706,,,,Struck or hammered,247.0,rrc-412.1,"Roscius Fabatus, L.",,177400.0,,,,,,,,,,,,,,,,,
finds-1221117,1221117,LVPL-167290,COIN,ROMAN,"An incomplete Roman silver&nbsp;denarius of Mark Anthony dating to the period c.32-31&nbsp;BC&nbsp;(Reece period 1). Reverse depicting a legionary eagle between two standards. Probably struck in Patrae, circa 32-31&nbsp;BC.&nbsp;The &#39;legionary&#39; coinage of Mark Antony honoured twenty three legions. The legion is unclear.

These coins were struck by Mark Antony for the use of his fleet and legions when he was preparing for the struggle with Octavian, which culminated in the Battle of Actium on the 2nd of September, 31&nbsp;BC&nbsp;(Grueber, 1970, 526). Some legionary denarii remained in circulation until the 3rd century&nbsp;AD.

Denarii of Mark Antony were slightly debased. Therefore, they survived the various debasements from the reign of Nero onwards. It is not unusual to find worn Mark Antony denarii in 3rd century hoards - for example, there were 260 such coins in the Shapwick hoard of 9,238 silver denarii found in Somerset in 1998. There is one example in the Knutsford Hoard, 2012 T406.",,21,21,-32.0,-31.0,4,LVPL,,,2025-06-05T10:45:13Z,2025-06-27T17:32:19Z,1.68,PAS68416729001004,17.1,,1,22.0,1,2,1,41426.0,43822.0,9612.0,43822.0,Shropshire,Shropshire,Ellesmere Urban,,SJ4136,bands.shops.handy,10.0,LVPL-167643,242.0,188,Galley right,[ANT AVG - III VIR R P C],Legionary eagle between two standards,[LEG ...],1,,Denarius (Roman Republic),Republic,Silver,11728.0,Incomplete,ROMAN,x41218,ROMAN,x41218,x41218,Metal detector,Returned to finder,LVPL-167290_685ec780e1c94.jpg,1337999.0,images/petercarey1/,West Midlands,Certain,1,2025-06-27T16:32:19.522Z,,,2.0,52.91816288,-2.87891958,,,,,,,,,,,Struck or hammered,,,,,,,,,,,,,,,,,,,,,,
finds-1220845,1220845,ESS-F092BB,COIN,ROMAN,"A silver Roman republican denarius of&nbsp;L. Marcius Censorinus&nbsp;dating to 82 BC&nbsp;(Reece Period 1).&nbsp;L&middot;CENSOR VI reverse type depicting&nbsp;Marsyas, bald-headed, walking left, with right arm raised and holding wine-skin over left shoulder; behind, column bearing statue of Victory. Border of dots. Control mark to right. Mint of Rome.&nbsp;RRC 363/1

Measurements: diameter 17.25; thickness 2.07mm;&nbsp;weight 3.26g",,21,21,-82.0,-82.0,4,ESS,,,2025-06-03T15:39:39Z,2025-06-18T11:51:24Z,3.26,PAS683F092B001B7A,17.25,2.07,1,22.0,1,4,1,41425.0,19687.0,19883.0,19795.0,Essex,Braintree,Great Yeldham,,TL7639,bands.shops.handy,8.0,ESS-F0973A,242.0,188,"Laureate head of Apollo, right. Border of dots.",,"Marsyas, bald-headed, walking left, with right arm raised and holding wine-skin over left shoulder; behind, column bearing statue of Victory. Border of dots.",L·CENSOR VI | L.CENSOR,1,,Denarius (Roman Republic),Republic,Silver,11728.0,Complete,ROMAN,x41218,ROMAN,x41218,x41218,Metal detector,Returned to finder,ESS-F092BB_6842e05912ec8.jpg,1334250.0,images/lrogerson/,Eastern,Certain,1,2025-06-18T10:51:24.235Z,,,2.0,52.02149928,0.56365776,180.0,1.0,Rome,423025.0,rome,12843585.0,x25706,,,,Struck or hammered,,,,,,2.0,Good,,,,,,,,,,,,,,,
finds-1219642,1219642,SF-5C3305,COIN,ROMAN,"A complete silver Roman Republican denarius of the moneyers L Caecillius Metellus, C. Publicus Malleolus, A. Postumius Albinus, dating to the period 95-92&nbsp;BC (Reece period 1). C&middot;MALL ROMA reverse type, depicting&nbsp;Roma seated left on pile of shields, holding sword in left hand and spear in right hand, crowned from behind by Victory. Border of dots. Mint of Rome.

RRC no.335/1",,21,21,95.0,92.0,4,SF,,,2025-05-27T14:50:40Z,2025-07-10T12:15:46Z,3.35,PAS6835C330001517,18.83,,1,22.0,1,4,1,41425.0,15934.0,15219.0,15508.0,Suffolk,Suffolk Coastal,Restricted Access,Eyke,Restricted Access,bands.shops.handy,8.0,SF-5C36B4,242.0,188,"Laureate head of Apollo, right. Border of dots.",A·ALB·S·F [L·METEL],"Roma seated left on pile of shields, holding sword in left hand and spear in right hand, crowned from behind by Victory. Border of dots.",C·MALL // ROMA,1,,Denarius (Roman Republic),Republic,Silver,11728.0,Complete,ROMAN,x41218,ROMAN,x41218,x41218,Metal detector,Returned to finder,SF-5C3305_68664e4d52a71.jpg,1338643.0,images/karenh/,Eastern,Certain,1,2025-07-10T11:15:46.461Z,2025-04-01T00:00:00Z,,2.0,52.1166526,1.3845169,180.0,3.0,Rome,423025.0,rome,12843585.0,x25706,,,,Struck or hammered,,,,,,,,,,,,,,,,,,,,,,
finds-1218755,1218755,OXON-DB458E,COIN,ROMAN,"A worn silver Roman Republican denarius of the moneyer Marcus Porcius Laeca&nbsp;dating to the period c.125&nbsp;BC&nbsp;(Reece period 1). M. PORC ROMA&nbsp;reverse type depicting Libertas in quadriga galloping right, holding reins and rod (vindicta) in left hand and pileus in right hand, being crowned by Victory flying left. &nbsp;Mint of Rome. Cf.&nbsp;RRC 270/1.",,21,21,-125.0,-125.0,4,OXON,,OMS receipt 3219,2025-05-21T12:09:12Z,2025-06-23T10:28:59Z,3.53,PAS682DB458001F0F,17.28,1.94,1,22.0,1,4,1,41421.0,8328.0,8462.0,8504.0,Oxfordshire,Cherwell,Oddington,,SP5315,bands.shops.handy,10.0,OXON-DB77B2,242.0,188,"Head of Roma right, in winged helmet; denomination mark XVI as monogram (Ӿ) below chin.
Part of moneyer mark behind.",LAECA,"Libertas in quadriga galloping right, holding reins and rod (vindicta) in left hand and pileus in right hand, being crowned by Victory flying left.  Part of moneyer mark in field under horses.
ROMA in exergue.",M·PORC ROMA,1,,Denarius (Roman Republic),Republic,Silver,11728.0,Complete,ROMAN,x41218,ROMAN,x41218,x41218,Metal detector,Returned to finder,OXON-DB458E_682db7cac04ab.jpg,1331779.0,images/bertie123/,South East,Certain,1,2025-06-23T09:28:59.266Z,2023-03-25T00:00:00Z,2025-03-18T00:00:00Z,2.0,51.83110796,-1.23228659,180.0,5.0,Rome,423025.0,rome,12843585.0,x25706,,,,Struck or hammered,109.0,rrc-270.1,"Porcius Laeca, M.",,163941.0,,,,,,,,,,,,,,,,,
finds-1218278,1218278,SF-B16CF6,COIN,ROMAN,"A complete silver Roman Republican denarius, dating to the year 86 BC (Reece period 1). Reverse depicting&nbsp;Jupiter in quadriga, right; holding reins in left hand and hurling thunderbolt with right hand.&nbsp;Minted by the moneyers C. Gargonius, Vergilius and M. Ogulnius.

RRC 350A/2",,21,21,-86.0,,4,SF,,,2025-05-19T12:32:31Z,2025-07-17T14:29:48Z,21.4,PAS682B16CF0016C4,23.0,,1,22.0,1,4,1,41425.0,15934.0,15504.0,15674.0,Suffolk,Mid Suffolk,Restricted Access,Bedfield,Restricted Access,bands.shops.handy,6.0,SF-B170EE,242.0,179,"Head of Apollo, right, wearing oak-wreath; below, thunderbolt. Border of dots.",,"Jupiter in quadriga, right; holding reins in left hand and hurling thunderbolt with right hand. Border of dots.",,1,,Denarius serratus (Roman Republic),Republic,Silver,11728.0,Complete,ROMAN,x41218,ROMAN,x41218,x41218,Metal detector,Returned to finder,SF-B16CF6_68652e7cada09.jpg,1338471.0,images/karenh/,Eastern,Certain,1,2025-07-17T13:29:48.888Z,2025-03-01T00:00:00Z,,2.0,52.2532916,1.2515435,,3.0,,,,,,,,,Struck or hammered,,,,,,,,,,,,,,,,,,,,,,
finds-1217788,1217788,YORYM-5DC6ED,COIN,ROMAN,"A broken silver Roman Republican denarius of Mark Antony (42-30&nbsp;BC) dating to the period 32 - 31&nbsp;BC&nbsp;(Reece Period 1). Unclear reverse type depicting legionary eagle between two standards, for unclear legion. Travelling mint.

These coins were struck by Mark Antony in travelling mints for the use of his fleet and legions when he was preparing for the struggle with Octavius, which culminated in the Battle of Actium on the 2nd of September, 31&nbsp;BC. The debased nature of this coinage meant that it remained in circulation for an extended period into the 3rd century&nbsp;AD&nbsp;so are most often found in very worn condition or with bankers&#39; assay marks.",,21,21,-32.0,-31.0,4,YORYM,,YMT : E07700,2025-05-15T13:22:06Z,2025-06-16T14:41:31Z,1.3,PAS6825DC6E001DCB,,,1,22.0,1,2,1,41430.0,25595.0,21403.0,25595.0,York,York,Askham Bryan,,SE5548,bands.shops.handy,8.0,YORYM-5DCD56,242.0,188,Galley,Illegible,Legionary eagle between two standards,LEG [----],1,,Denarius (Roman Republic),Republic,Silver,11728.0,Incomplete,ROMAN,x41218,ROMAN,x41218,x41218,Metal detector,Returned to finder,YORYM-5DC6ED_68501ee5d96eb.jpg,1335595.0,images/bmorris/,Yorkshire and the Humber,Certain,1,2025-06-16T13:41:32.006Z,,,2.0,53.9252217,-1.16394262,,,,,,,,,,,Struck or hammered,,,,,,,,,,,,9.6,13.1,,,,,,,,,
finds-1217664,1217664,LEIC-4E87FF,COIN,ROMAN,"A Roman Republican silver denarius of Mark Antony, galley issue dating to c.32-31 BC (Reece period 1) .Galley obverse; reverse showing legionary eagle between two standards. &nbsp;The coin is in poor condition, is 17mm in diameter and weighs 2.85g.",,21,21,-32.0,-31.0,4,LEIC,,3206,2025-05-14T20:01:19Z,2025-05-15T08:44:32Z,2.85,PAS6824E87F001F9D,17.0,,1,22.0,1,4,1,41423.0,23423.0,23272.0,23352.0,Leicestershire,Melton,Frisby on the Wreake,,SK6917,bands.shops.handy,10.0,LEIC-4E9BBC,,188,"Galley right, very worn",,Legionary eagle between two standards,LEG . .,1,,Denarius (Roman Republic),,Silver,11728.0,Complete,ROMAN,x41218,ROMAN,x41218,x41218,Metal detector,Returned to finder,LEIC-4E87FF_6824e8b8ea619.jpg,1330510.0,images/philharding/,East Midlands,Certain,1,2025-05-15T07:44:32.546Z,2025-04-22T00:00:00Z,,2.0,52.7462272,-0.97928098,,,,,,,,,,,Struck or hammered,,,,,,2.0,Good,,,,,,,With finder,,,,,,,,
finds-1217299,1217299,WAW-34F1AE,COIN,ROMAN,"A silver Roman denarius of Tiberius (AD&nbsp;14-37), dating to the period c.AD 14-37 (Reece period 1).&nbsp;PONTIF MAXIM reverse type depicting a female figure (Pax or Livia) seated right holding vertical sceptre in right hand and branch in left. Mint of Lyon. Cf.&nbsp;RIC&nbsp;I (2nd ed.), p. 95, no. 30.&nbsp;

Notes:

This type is known apocryphally as a &quot;Tribute penny&quot; having long been assumed to be the coin referred to in the&nbsp;gospel of Mark (&quot;bring me a penny, that I may see it&quot; (Mark 12:15)).

Similar to&nbsp;SUR-5F681C,&nbsp;WMID-7B9BAA and&nbsp;SUSS-7EFA92 on the database.",,21,21,,,4,WAW,,,2025-05-13T14:54:34Z,2025-06-17T12:53:22Z,,PAS68234F1A001EF1,19.1,,1,31.0,1,4,1,41426.0,2993.0,3176.0,3127.0,Worcestershire,Wychavon,Upton Warren,,SO8969,bands.shops.handy,10.0,WAW-34FA1B,244.0,25,,,,,1,,Denarius (Empire),Tiberius,Base Silver,11729.0,Complete,ROMAN,x41218,ROMAN,x41218,x41218,Metal detector,Returned to finder,WAW-34F1AE_68239793630e5.jpg,1330276.0,images/barrym913/,West Midlands,Certain,1,2025-08-19T11:53:01.201Z,2025-04-06T00:00:00Z,,,52.3189902,-2.16279915,,,,,,,,tiberius,Tiberius,89600176.0,,,,,,,,,,,,,,,,,,,,,,,
finds-1217173,1217173,SUR-31162B,COIN,ROMAN,"An extremely worn Roman silver denarius of Mark Antony (42-30&nbsp;BC), dating to 32-31&nbsp;BC&nbsp;(Reece period 1). Uncertain LEG [...] reverse type, depicting a legionary eagle between two standards with a now illegible legion named. Travelling mint. As&nbsp;RRC&nbsp;544.&nbsp;","These coins were struck by Mark Antony for the use of his fleet and legions when he was preparing for the struggle with Octavian, which culminated in the Battle of Actium on the 2nd of September, 31&nbsp;BC. Some legionary denarii remained in circulation until the 3rd century&nbsp;AD.",21,21,-32.0,-31.0,4,SUR,,,2025-05-13T10:31:14Z,2025-05-13T15:30:56Z,2.91,PAS68231162001C07,17.2,1.2,1,22.0,1,4,1,41421.0,8328.0,8298.0,8253.0,Oxfordshire,South Oxfordshire,Watlington,,SU6993,bands.shops.handy,10.0,SUR-31220C,242.0,188,"Galley, right.",[...],Eagle between two standards.,[...],1,,Denarius (Roman Republic),Republic,Silver,11728.0,Complete,ROMAN,x41218,ROMAN,x41218,x41218,Metal detector,Returned to finder,SUR-31162B_682357991bda0.jpg,1330167.0,images/smaslin/,South East,Certain,1,2025-05-13T14:30:56.079Z,2024-10-26T00:00:00Z,,2.0,51.63158966,-1.00448728,297.0,6.0,Moving with Republican issuer,,,,,,,,Struck or hammered,,,,,,,,,,,,,,,,,,,,,,
finds-1216059,1216059,OXON-B1F617,COIN,ROMAN,"A worn silver Roman Republican denarius of uncertain moneyer, possibly dating to the period c.140-130&nbsp;BC&nbsp;(Reece period 1). Obverse: Helmeted head of Roma right, uncertain legend or control mark behind head. Reverse: [ROMA] / [...], Quadriga right, wheel behind, Victory ?&nbsp;figure riding. Probably mint of Rome. Cf.&nbsp;RRC&nbsp;p. 278, no. 248 for a similar obverse and reverse combination.",,21,21,-140.0,-130.0,4,OXON,,OMS receipt 3221,2025-05-07T09:52:49Z,2025-06-12T09:05:16Z,2.72,PAS681B1F610017E2,19.84,1.4,1,22.0,1,4,1,,8328.0,8260.0,8253.0,Oxfordshire,South Oxfordshire,Chinnor,,SP7502,bands.shops.handy,8.0,OXON-B1FEB9,242.0,188,"Helmeted head of Roma right, uncertain legend or control mark behind head",[...],"Quadriga right, wheel behind, possibly Victoria riding",[]MLVX[],1,[]//[],Denarius (Roman Republic),Republic,Silver,11728.0,Complete,ROMAN,x41218,ROMAN,x41218,x41218,Metal detector,Returned to finder,OXON-B1F617_681b278a218b6.jpg,1328874.0,images/bertie123/,,Certain,1,2025-06-12T08:05:17.263Z,2025-01-21T00:00:00Z,2025-03-21T00:00:00Z,2.0,51.71172934,-0.91588605,180.0,,Rome,423025.0,rome,12843585.0,x25706,,,,Struck or hammered,,,,,,,,,,,,,,,,,,,,,,
finds-1215424,1215424,OXON-208026,COIN,ROMAN,"A silver Roman denarius of Tiberius (AD&nbsp;14-37), dating to the period c.&nbsp;AD&nbsp;14-37 (Reece Period 1). PONTIF MAXIM reverse type depicting a female figure, draped, right, seated, right on chair with plain legs, holding branch and long sceptre; below chair, a double line. Mint of Lyon.&nbsp;RIC&nbsp;I (2nd ed.), p. 95, no. 26.",,21,21,14.0,37.0,4,OXON,,OMS receipt 3221,2025-04-30T12:22:42Z,2025-06-12T09:05:29Z,3.39,PAS68120802001645,17.76,1.9,1,22.0,1,4,1,41421.0,8328.0,8260.0,8253.0,Oxfordshire,South Oxfordshire,Chinnor,,SP7502,bands.shops.handy,8.0,OXON-209866,244.0,25,"Head of Tiberius, laureate, right",TI CAESAR DIVI AVG F AVGVSTVSI  (Inverted retrograde),"Female figure, draped, right, seated, right on chair with plain legs, holding branch and long sceptre; below chair, a double line",PONTIF MAXIM,1,-//-,Denarius (Empire),Tiberius,Silver,11728.0,Complete,ROMAN,x41218,ROMAN,x41218,x41218,Metal detector,Returned to finder,OXON-208026_6812096783214.jpg,1327994.0,images/bertie123/,South East,Certain,1,2025-06-12T08:05:29.835Z,2025-01-21T00:00:00Z,2025-03-21T00:00:00Z,2.0,51.71172934,-0.91588605,137.0,3.0,Lugdunum,167717.0,lugdunum,20068132.0,x29284,tiberius,Tiberius,89600176.0,Struck or hammered,,,,,,,,,,,,,,,,,,,,,,
finds-1215139,1215139,WMID-09A2CE,COIN,ROMAN,"An complete Roman silver denarius of Tiberius (AD 14-37), dating to&nbsp;&nbsp;AD 14-37 (Reece period 1). Mint of Lyon. Reverse legend PONTIF MAXIM, reverse&nbsp;depicts a female figure seated holding a sceptre and branch.&nbsp; The coin is 17.3mm in diameter, 2.4mm thick and weighs 3.03g.&nbsp;RIC vol 1, p. 95, no. 28.",,21,21,14.0,37.0,4,WMID,,,2025-04-29T10:21:48Z,2025-05-06T10:53:40Z,3.03,PAS68109A2C001F06,17.3,2.4,1,22.0,1,4,1,41426.0,10049.0,10119.0,10124.0,Warwickshire,North Warwickshire,Arley,,SP2891,bands.shops.handy,10.0,WMID-09DD8B,244.0,25,Laureate head right.,TI CAESAR DIVI F AVGVSTVS,"Female figure holding sceptre and branch, seated right.",PONTIF MAXIM,1,,Denarius (Empire),Tiberius,Silver,11728.0,Complete,ROMAN,x41218,ROMAN,x41218,x41218,Metal detector,Returned to finder,WMID-09A2CE_6819dbda61c89.jpg,1328560.0,images/tgilmore/,West Midlands,Certain,1,2025-05-06T09:53:40.525Z,2024-11-01T00:00:00Z,2024-11-30T00:00:00Z,2.0,52.51617057,-1.58881588,137.0,5.0,Lugdunum,167717.0,lugdunum,20068132.0,x29284,tiberius,Tiberius,89600176.0,Struck or hammered,,,,,,2.0,Good,,,,ric.1(2).tib.28,,,,,,,,,,,
finds-1213641,1213641,YORYM-0D8600,COIN,ROMAN,"A silver Roman denarius of Augustus (27 BC-AD14) dating to&nbsp;c. 19 BC (Reece Period 1). Unclear reverse type: either OB CIVIS / SERVATOS above and below shield inscribed with S P Q R / CL V in two lines, within an oak-wreath, or SIGNIS / RECEPTIS above and below shield inscribed CL V, with S P Q R in corners between eagle and standard. Spanish mint. RIC I (2nd ed.), p. 47, cf. nos. 79b, 86b, 87b.",,21,21,-19.0,-19.0,3,YORYM,,YMT : E07694,2025-04-17T11:30:56Z,2025-04-17T12:28:00Z,2.89,PAS6800D860001015,20.75,,1,22.0,1,2,1,41430.0,25635.0,4222.0,25635.0,East Riding of Yorkshire,East Riding of Yorkshire,Seaton,,TA1347,bands.shops.handy,10.0,YORYM-0D8C3D,243.0,25,Bare head left,CA[ESAR] AVGVSTVS,"Shield inscribed with [S P Q R / CL V] in two lines, within an oak-wreath or shield inscribed [CL V], with [S P Q R] in corners, between eagle and standard",[OB CIVIS / SERVATOS] or [SIGNIS / RECEPTIS],1,-/-//-,Denarius (Empire),Augustus,Silver,11728.0,Incomplete,ROMAN,x41218,ROMAN,x41218,x41218,Metal detector,Returned to finder,YORYM-0D8600_6800dc2d7ddcc.jpg,1326661.0,images/adamrivettpas/,Yorkshire and the Humber,Certain,1,2025-04-17T11:28:00.534Z,2024-10-10T00:00:00Z,2024-10-10T00:00:00Z,2.0,53.9068467,-0.28140906,296.0,,Spain,,,20088246.0,x18339,augustus,Augustus,18013086.0,Struck or hammered,,,,,,4.0,Corroded,,,,,,,,,,,,,,,
finds-1213255,1213255,YORYM-E58340,COIN,ROMAN,"A silver Roman Republican&nbsp;denarius issued by&nbsp;C. Egnatius Maximus, dating to 75 BC (Reece Period 1).&nbsp;C&middot;EGNATIVS&middot;CN&middot;F CN&middot;N reverse type depicting Roma and Venus facing between rudders on prow. Mint of Rome.

Cr. 391/3; RSC Egnatia 2;&nbsp;BMC&nbsp;3285.",,21,21,75.0,75.0,4,YORYM,,YMT : E07698,2025-04-15T13:59:32Z,2025-05-01T10:30:36Z,3.32,PAS67FE5834001021,18.87,,1,22.0,1,4,1,41430.0,25635.0,4142.0,25635.0,East Riding of Yorkshire,East Riding of Yorkshire,Welwick,,TA3421,bands.shops.handy,10.0,YORYM-E69493,242.0,188,"Bust right, draped and wearing diadem; behind, pileus. Border of dots",[MAXSVMVS],"Roma and Venus, each holding staff in right hand (Roma holds sword in left hand and places left foot on wolf's head; Venus has Cupid about to alight on shoulder); on either side, rudder standing on prow",[C·EGNATIVS·CN·F CN·N],1,,Denarius (Roman Republic),Republic,Silver,11728.0,Complete,ROMAN,x41218,ROMAN,x41218,x41218,Metal detector,Returned to finder,YORYM-E58340_68133f0a9754d.jpg,1328160.0,images/adamrivettpas/,Yorkshire and the Humber,Certain,1,2025-05-01T09:30:36.329Z,,,2.0,53.6683083,0.02675641,180.0,7.0,Rome,423025.0,rome,12843585.0,x25706,,,,Struck or hammered,229.0,rrc-391.3,"Egnatius Maximus, C.",,177195.0,,,,,,,,,,,,,,,,,
finds-1213057,1213057,BUC-D0BC14,COIN,ROMAN,"A silver Roman Republican denarius&nbsp;issued by Cn Cornelius Lentulus Marcellinus dating to c. 76 -74 BC, Reece period 1. Obverse:&nbsp; Diademed and draped bust right of the Genius of the Roman people, GPR above.Reverse:&nbsp;a sceptre with a wreath, globe and rudder and [E]X on left and SC on right and CN.LEN.Q below. Mint of Spain. RRC&nbsp;no. 393/1a.",,21,21,-76.0,-74.0,4,BUC,,AYBCM 5222,2025-04-14T14:21:05Z,2025-07-09T16:46:34Z,3.53,PAS67FD0BC1001493,,,1,22.0,1,4,1,41421.0,38413.0,11928.0,38413.0,Milton Keynes,Milton Keynes,Cold Brayfield,,SP9252,bands.shops.handy,10.0,BUC-E8ED74,242.0,188,"Diademed and draped bust right of the Genius of the Roman people, GPR above.",,"Reverse: a sceptre with a wreath, globe and rudder and [E]X on left and SC on right and CN.LEN.Q below.",,1,,Denarius (Roman Republic),Republic,Silver,11728.0,Complete,ROMAN,x41218,ROMAN,x41218,x41218,Metal detector,Returned to finder,BUC-D0BC14_67fd0c3cf3b68.jpg,1326208.0,images/ajames/,South East,Certain,1,2025-07-09T15:46:34.734Z,2021-10-14T00:00:00Z,,2.0,52.15861992,-0.65654669,,5.0,,,,,,,,,Struck or hammered,,,,,,,,,,,,17.5,18.9,,,,,,,,,
finds-1212237,1212237,ESS-511D9B,COIN,ROMAN,"A silver-plated contemporary copy of a&nbsp;Roman denarius of Augustus (27 BC-AD 14)&nbsp;dating to the period c. 2&nbsp;BC-AD 4&nbsp;(Reece Period 1). C L CAESARES AVGVSTI F COS DESIG PRINC IVVENT reverse type depicting Caius and Lucius standing front, on left and right, each togate and resting hand on shield; behind each shield, a spear; above, on left, a lituus to right and on right, a simpulum to left.&nbsp;Prototype: mint of Lugdunum. RIC I (2nd ed.), cf. p. 55, no. 207.

There is a spot of iron corrosion on the reverse.

Measurements: diameter 18.1mm; thickness 1.92mm; weight 3.5g",,21,21,-2.0,4.0,3,ESS,,,2025-04-08T13:08:57Z,2025-04-23T10:53:31Z,3.5,PAS67F511D9001BA8,18.1,1.92,1,22.0,1,4,1,41425.0,15934.0,15744.0,15692.0,Suffolk,Babergh,Bures St. Mary,,TL9333,bands.shops.handy,6.0,ESS-517031,243.0,25,Laureate head right,CAESAR AVGVSTVS DIVI F PATER PATRIAE,"Caius and Lucius standing front, on left and right, each togate and resting hand on shield; behind each shield, a spear; above, on left, a lituus to right and on right, a simpulum to left.",C L CAESAR[ES] AV[GVSTI F CO]S DESIG PRINC IVVENT,1,-/-//-,Denarius (Empire),Augustus,Silver,11728.0,Complete,ROMAN,x41218,ROMAN,x41218,x41218,Metal detector,Returned to finder,ESS-511D9B_6808afa78fbc2.jpg,1327085.0,images/lrogerson/,Eastern,Certain,1,2025-04-23T09:53:31.319Z,,,2.0,51.96197202,0.80773801,137.0,9.0,Lugdunum,167717.0,lugdunum,20068132.0,x29284,augustus,Augustus,18013086.0,Struck or hammered,,,,,,2.0,Good,,,,,,,,,,,,,,,
finds-1212008,1212008,WMID-3AE27B,COIN,ROMAN,"A complete silver Roman Denarius of Tiberius (CE 14-37), mint of Lyon.

The coin is in good condition, and the obverse features the legend [TI CAES]AR DIVI AVG F AVGVSTVS, with laureate bust facing right.

The reverse features a female figure holding sceptre and branch, seated right, and the&nbsp;legend is PONTIF MAXIM.","RIC: vol.1, p.95, no.30.",21,21,14.0,37.0,4,WMID,,,2025-04-07T11:51:19Z,2025-04-11T15:16:45Z,3.4,PAS67F3AE27001B79,18.1,,1,22.0,1,4,1,41426.0,38854.0,9261.0,38854.0,Telford and Wrekin,Telford and Wrekin,Tibberton and Cherrington,,SJ6520,bands.shops.handy,6.0,WMID-3AEC39,244.0,25,laureate bust facing right,[TI CAES]AR DIVI AVG F AVGVSTVS,"female figure holding sceptre and branch, seated right",PONTIF MAXIM,1,,Denarius (Empire),Tiberius,Silver,11728.0,Complete,ROMAN,x41218,ROMAN,x41218,x41218,Metal detector,Returned to finder,WMID-3AE27B_67f3b24532d6b.jpg,1325212.0,images/megantreacle/,West Midlands,Certain,1,2025-04-11T14:16:45.089Z,2023-09-16T00:00:00Z,2023-09-16T00:00:00Z,,52.77644343,-2.5202796,137.0,12.0,Lugdunum,167717.0,lugdunum,20068132.0,x29284,tiberius,Tiberius,89600176.0,,,,,,,2.0,Good,,,,,,,,,,,,,,,
finds-1211779,1211779,GLO-FD8072,COIN,ROMAN,"A very worn silver republican denarius minted by L. Titurius, L.f. Sabinus. Dated to 89 BC. 

Obverse: Head of Tatius right; SABIN behind

Reverse: Two Roman soldiers, each carrying a woman, in ex [L. TITVRI]",,21,21,-89.0,,4,GLO,,,2025-04-04T14:00:55Z,2025-05-29T16:57:57Z,3.13,PAS67EFD807001204,18.0,,1,22.0,1,4,1,41427.0,20616.0,20611.0,20508.0,Gloucestershire,Forest of Dean,Dymock,,SO6931,bands.shops.handy,10.0,GLO-FD892E,242.0,188,Head of Tatius right,SABIN,"Two Roman soldiers, each carrying a woman, in ex [L. TITVRI]",,1,,Denarius (Roman Republic),Republic,Silver,11728.0,Complete,ROMAN,x41218,ROMAN,x41218,x41218,Metal detector,Returned to finder,GLO-FD8072_6838808c34eb6.jpg,1332771.0,images/kadams/,South West,Certain,1,2025-05-29T15:57:57.429Z,2024-01-01T00:00:00Z,2024-12-01T00:00:00Z,2.0,51.97659387,-2.45272442,,6.0,,,,,,,,,Struck or hammered,,,,,,,,,,,,,,,,,,,,,,
finds-1211182,1211182,SUSS-AA2E32,COIN,ROMAN,"A silver-plated contemporary copy of a Roman denarius of Tiberius (AD 14-37) dating to the period c. AD 14-37 (Reece Period 1). PONTIF MAXIM reverse type depicting&nbsp;female figure, draped, right, seated, right on chair with plain legs, holding branch and long sceptre; below chair, a double line. Prototype: mint of Lyon. RIC I (2nd ed.), cf. p. 95, no. 26.",,21,21,14.0,37.0,3,SUSS,,,2025-03-31T15:12:51Z,2025-04-03T11:10:56Z,2.12,PAS67EAA2E3001295,17.68,,1,22.0,1,2,1,41421.0,2625.0,39013.0,2896.0,East Sussex,Lewes,Seaford,,TQ4701,bands.shops.handy,10.0,SUSS-AA375D,244.0,25,Laureate head right,[TI CAESAR DIVI A]VG F [AVGVSTV]S,"Female figure, draped, right, seated, right on chair with plain legs, holding branch and long sceptre; below chair, a double line",[PONTIF MAXIM],1,-/-//-,Denarius (Empire),Tiberius,Silver,11728.0,Incomplete,ROMAN,x41218,ROMAN,x41218,x41218,Metal detector,Returned to finder,SUSS-AA2E32_67ed797c5c3de.jpg,1324814.0,images/janeclark68s/,South East,Certain,1,2025-04-03T10:10:56.239Z,2025-01-01T00:00:00Z,,,50.78993748,0.08418551,137.0,10.0,Lugdunum,167717.0,lugdunum,20068132.0,x29284,tiberius,Tiberius,89600176.0,,,,,,,1.0,Fair,,,,ric.1(2).tib.26,,,,,,,,,,,
finds-1210841,1210841,SUR-69D94C,COIN,ROMAN,"A silver Roman Republican denarius of the moneyer L. Hostilius Saserna, dating to c.48&nbsp;BC&nbsp;(Reece period 1). L. HOSTILIVS SAERN reverse type depicting a Biga right driven by charioteer holding whip and reins, behind a warrior facing backwards holding a shield and hurling a spear. Mint of Rome. As&nbsp;RRC&nbsp;448/2.",Recorded from details emailed by the finder.,21,21,-48.0,-48.0,4,SUR,,MWS,2025-03-28T13:01:08Z,2025-03-28T13:32:08Z,3.52,PAS67E69D94001D32,18.0,,1,,1,4,1,41421.0,17765.0,17772.0,43511.0,Hampshire,Test Valley,Houghton,,SU3334,bands.shops.handy,10.0,SUR-69DA8F,242.0,188,Bearded head of Gaulish warrior right,,"Biga right driven by charioteer holding whip and reins, behind a warrior facing backwards holding a shield and hurling a spear.",L. HOSTILIVS SAERN,1,,Denarius (Roman Republic),Republic,,,Complete,ROMAN,x41218,ROMAN,x41218,x41218,Metal detector,Returned to finder,SUR-69D94C_67e6a48c4b5e5.jpg,1323992.0,images/smaslin/,South East,Certain,1,2025-03-28T13:32:08.925Z,2025-03-27T00:00:00Z,,,51.10435588,-1.53004331,180.0,,Rome,423025.0,rome,12843585.0,x25706,,,,,276.0,rrc-448.2,"Hostilius Saserna, L.",,177564.0,,,,,,,,,,,,,,,,,
finds-1210624,1210624,SWYOR-425A1E,COIN,ROMAN,"A silver Roman republican&nbsp;denarius of&nbsp;Lucius Farsuleius Mensor&nbsp;dating to c. 75&nbsp;BC&nbsp;(Reece Period 1). Obverse: MENSOR S C. Bust of Libertas, right, draped and wearing diadem; behind, pileus. Reverse:&nbsp;L FARSVLEI.&nbsp;Warrior holding spear and reining in biga, right, with left hand; with right hand he helps togate figure into biga. Mint of Rome.&nbsp;RRC, p. 406, no. 392/1b.

Measurements: 17.6mm, thickness 1.5mm, and weight 3.5g",,21,21,-75.0,-75.0,3,SWYOR,,Pas form 4604,2025-03-26T16:04:49Z,2025-05-06T17:36:40Z,3.5,PAS67E425A1001F03,17.6,1.5,1,22.0,1,4,1,,8127.0,7871.0,8122.0,Nottinghamshire,Bassetlaw,Walkeringham,,SK7792,bands.shops.handy,10.0,SWYOR-42711B,242.0,188,"Bust of Libertas, right, draped and wearing diadem; behind, pileus",[M]ENSOR S C,"Warrior holding spear and reining in biga, right, with left hand; with right hand he helps togate figure into biga",[L FARSVLEI],1,-/-//-,Denarius (Roman Republic),Republic,Silver,11728.0,Complete,ROMAN,x41218,ROMAN,x41218,x41218,Metal detector,Returned to finder,SWYOR-425A1E_6810b382a7f02.jpg,1327780.0,images/ikw1945/,,Certain,1,2025-05-06T16:36:41.023Z,2024-06-26T00:00:00Z,2024-06-26T00:00:00Z,2.0,53.41919113,-0.84286078,180.0,7.0,Rome,423025.0,rome,12843585.0,x25706,,,,Struck or hammered,230.0,rrc-392.1b,"Farsuleius Mensor, L.",,177200.0,1.0,Fair,,,,,,,,,,,,,,,
finds-1210541,1210541,ESS-407D4A,COIN,ROMAN,"A silver Roman republican denarius of&nbsp;C. Vibius Pansa Caetronianus&nbsp;dating to c. 48 BC (Reece Period 1). Obverse: Head of Liber, right, wearing ivy wreath; PANSA behind. Reverse: Ceres walking right with torch in each hand; before, plough; on left, C VIBIVS C F C N. Mint of Rome. RRC, p. 465, no. 449/2.

Measurements: Diameter: 17.84mm; Thickness: 2mm; Weight: 3.44g.",,21,21,48.0,48.0,3,ESS,,8886,2025-03-26T13:57:40Z,2025-05-09T15:26:25Z,3.44,PAS67E407D4001AE1,17.84,2.0,1,22.0,1,4,1,41425.0,19687.0,20013.0,19968.0,Essex,Epping Forest,Willingale,,TL5908,bands.shops.handy,6.0,ESS-3BCE06,242.0,188,"Head of Liber, right, wearing ivy wreath",[PANSA],"Ceres walking right with torch in each hand; before, plough",[C VIBIVS] (C F) C N,1,-/-//-,Denarius (Roman Republic),Republic,Silver,11728.0,Complete,ROMAN,x41218,ROMAN,x41218,x41218,Metal detector,Returned to finder,ESS-407D4A_67e5327a1e8e4.jpg,1323805.0,images/lrogerson/,Eastern,Certain,1,2025-05-09T14:26:25.258Z,,,2.0,51.74813729,0.30184982,180.0,12.0,Rome,423025.0,rome,12843585.0,x25706,,,,Struck or hammered,361.0,rrc-449.2,"Vibius Pansa Caetronianus, C.",,177565.0,1.0,Fair,,,,,,,,,,,,,,,
finds-1210414,1210414,WMID-3E72F3,COIN,ROMAN,"A Roman&nbsp;silver denarius of Augustus (27&nbsp;BC-AD&nbsp;14) dating to the period c. 2&nbsp;BC-AD&nbsp;4 (Reece Period 1).&nbsp;

C L CAESARES AVGVSTI F COS DESIG PRINC IVVENT reverse type depicting Caius and Lucius Caesars standing facing holding spears and shields; simpulum and lituus above. Some of the coin is missing between 7 &amp; 8 o&#39;clock on the obverse.

RIC&nbsp;I (2nd ed.), p. 55, no. 207.&nbsp;Measurements: Diameter: 18.9mm; weight: 3.1g. Die Axis: 7.",,21,21,-2.0,4.0,4,WMID,,,2025-03-26T11:38:23Z,2025-04-03T11:48:22Z,3.1,PAS67E3E72F0012C5,18.9,2.1,1,22.0,1,2,1,41426.0,10049.0,10147.0,9943.0,Warwickshire,Stratford-on-Avon,Aston Cantlow,,SP1458,bands.shops.handy,10.0,WMID-3E821B,243.0,25,"Head of Augustus, laureate, right",CAESAR AVGVSTVS DIVI F PATE[............],"Gaius and Lucius Caesar standing, each, togate, resting hand on shield and spear, simpulum, right, and lituus, left, flanking, left and right respectively",C L CAESARES AVGVSTI F [COS] DESIG P[RINC IVV]ENT,1,,Denarius (Empire),Augustus,Silver,11728.0,Incomplete,ROMAN,x41218,ROMAN,x41218,x41218,Metal detector,Returned to finder,WMID-3E72F3_67ee654d9a97f.jpg,1324853.0,images/swilliams10/,West Midlands,Certain,1,2025-04-03T10:48:22.597Z,,,2.0,52.22003467,-1.79648697,137.0,7.0,Lugdunum,167717.0,lugdunum,20068132.0,x29284,augustus,Augustus,18013086.0,Struck or hammered,,,,,,,,,,,ric.1(2).aug.207,,,,,,,,,,,
finds-1210347,1210347,OXON-3D0903,COIN,ROMAN,"Roman coin:&nbsp;silver denarius of Mark Anthony (42-30&nbsp;BC), dating to 32-31&nbsp;BC&nbsp;(Reece period 1). LEG III reverse type, depicting a legionary eagle between two standards. RRC&nbsp;544/15 The &#39;legionary&#39; coinage of Mark Antony honoured twenty three legions.&nbsp;",,21,21,-32.0,-31.0,4,OXON,,Receipt No. 3159,2025-03-26T10:01:52Z,2025-03-29T20:48:43Z,3.22,PAS67E3D09000133A,17.86,,1,22.0,1,4,1,41421.0,11901.0,12031.0,11903.0,Buckinghamshire,Aylesbury Vale,Ickford,,SP6508,bands.shops.handy,10.0,OXON-3D0ABA,242.0,188,"Ship, right, with sceptre tied with fillet on prow. Border of dots.",[ANT AVG] III VIR RP C,Aquila between two standards. Border of dots.,[ANT AVG] LEG III,1,,Denarius (Roman Republic),Republic,Silver,11728.0,Complete,ROMAN,x41218,ROMAN,x41218,x41218,Metal detector,Returned to finder,OXON-3D0903_67e85c784f1e2.jpg,1324252.0,images/ambolton/,South East,Certain,1,2025-03-29T20:48:43.728Z,2024-08-31T00:00:00Z,2024-08-31T00:00:00Z,2.0,51.76691444,-1.05947967,297.0,6.0,Moving with Republican issuer,,,,,,,,Struck or hammered,,,,,,1.0,Fair,,,,,,,,,,,,,,,
finds-1210151,1210151,SF-27EB9B,COIN,ROMAN,"A complete silver Roman imperatorial denarius of Marc Antony, dating to the period 32-31&nbsp;BC&nbsp;(Reece period 1). Reverse depicting LEG II, eagle between standards.&nbsp;

RRC&nbsp;no.544/19",,21,21,32.0,31.0,4,SF,,,2025-03-25T10:00:25Z,2025-06-16T16:14:19Z,3.09,PAS67E27EB9001C24,16.42,,1,22.0,1,4,1,41425.0,15934.0,15504.0,15674.0,Suffolk,Mid Suffolk,Restricted Access,Bedfield,Restricted Access,bands.shops.handy,6.0,SF-27EEDA,242.0,188,Galley right,[ANT AVG] III VIR R P C,"[LEG II], legionary aquila between two standards",,1,,Denarius (Roman Republic),Republic,Silver,11728.0,Complete,ROMAN,x41218,ROMAN,x41218,x41218,Metal detector,Returned to finder,SF-27EB9B_685034acf0128.jpg,1335671.0,images/annab/,Eastern,Certain,1,2025-06-16T15:14:19.181Z,2025-02-01T00:00:00Z,,2.0,52.2532916,1.2515435,,7.0,,,,,,,,,Struck or hammered,,,,,,,,,,,,,,,,,,,,,,
finds-1209660,1209660,SF-D4E9BC,COIN,ROMAN,"A complete silver Roman denarius of Tiberius, dating to the period AD 14-37 (Reece period 1).&nbsp;PONTIF MAXIM reverse type, depicting a female figure, draped, right, seated, right holding branch and long vertical sceptre, on chair with ornamented legs; below chair, a single line. Mint of Rome.

RIC vol.1, no.30",,21,21,14.0,37.0,4,SF,,,2025-03-21T11:33:47Z,2025-03-26T12:39:30Z,3.29,PAS67DD4E9B001C7B,19.6,,1,22.0,1,4,1,41425.0,15934.0,15785.0,15647.0,Suffolk,St. Edmundsbury,Restricted Access,Great Barton,Restricted Access,bands.shops.handy,8.0,SF-D4EB58,244.0,25,Tiberius Caesar Divi Augusti Filius Augustus.,TI CAESAR DIVI AVG F AVGVSTVS,"Female figure, draped, right, seated, right holding branch and long vertical sceptre, on chair with ornamented legs; below chair, a single line.",PONTIF MAXIM,1,,Denarius (Empire),Tiberius,Silver,11728.0,Complete,ROMAN,x41218,ROMAN,x41218,x41218,Metal detector,Returned to finder,SF-D4E9BC_67e3f56b5fea7.jpg,1323656.0,images/annab/,Eastern,Certain,1,2025-03-26T12:39:30.425Z,2025-01-01T00:00:00Z,,2.0,52.2709279,0.770001,137.0,4.0,Lugdunum,167717.0,lugdunum,20068132.0,x29284,tiberius,Tiberius,89600176.0,Struck or hammered,,,,,,,,,,,,,,,,,,,,,,
finds-1209412,1209412,SF-C00464,COIN,ROMAN,"An incomplete silver Roman republican denarius of P. Clodius, dating to the year 42 BC (Reece period 1).&nbsp;P&middot;CLODIVS M&middot;F reverse, depicting&nbsp;Diana standing facing, with bow and quiver over shoulder, holding lighted torch in each hand. Border of dots. Mint of Rome.&nbsp;

RRC&nbsp;494/23","Part of Treasure case 2024T1249, along with&nbsp;WMID-DC6BBB,&nbsp;WAW-A1220A and the primary record&nbsp;NMS-35A52D.",21,21,-42.0,-42.0,4,SF,68736.0,,2025-03-20T11:47:18Z,2025-08-01T09:38:35Z,2.17,PAS67DC00460013C5,17.08,,1,22.0,19,2,1,41425.0,7238.0,6938.0,6917.0,Norfolk,Breckland,Restricted Access,North Elmham,Restricted Access,bands.shops.handy,8.0,SF-C005D7,242.0,188,"Laureate head of Apollo, right. Border of dots.",,"P·CLODIVS M·F: Diana standing facing, with bow and quiver over shoulder, holding lighted torch in each hand. Border of dots.",,1,,Denarius (Roman Republic),Republic,Silver,11728.0,Incomplete,ROMAN,x41218,ROMAN,x41218,x41218,Metal detector,Informed finder that the object should be submitted as Treasure,SF-C00464_686fa5b01dd78.jpg,1339450.0,images/annab/,Eastern,Certain,1,2025-08-01T08:38:35.429Z,2024-10-13T00:00:00Z,2024-10-13T00:00:00Z,2.0,52.7614104,0.9262684,,9.0,,,,,,,,,Struck or hammered,,,,,,,,,,,,,,,1.0,1.0,2024T1249,,,,,
finds-1209301,1209301,SUR-ADE232,COIN,ROMAN,"A worn&nbsp;Roman silver Republican denarius of Man. Acilius Glabrio dating to 49&nbsp;BC&nbsp;(Reece Period 1). Obverse: Laureate head of Salus right, SALVTIS upwards behind. Reverse: Valetudo standing left resting left arm on column and holding snake in right hand. On right MN.ACILIVS downwards, on left [III.VIR.VALETV]. Mint of Rome. As&nbsp;RRC, p. 461, no. 442/1a.",Recorded from details emailed by the finder.,21,21,-49.0,-49.0,4,SUR,,,2025-03-19T15:09:23Z,2025-03-19T15:11:24Z,3.66,PAS67DADE23001220,18.0,,1,22.0,1,4,1,41421.0,17765.0,17658.0,17653.0,Hampshire,Basingstoke and Deane,Hannington,,SU5352,bands.shops.handy,10.0,SUR-ADEC88,242.0,188,Laureate head of Salus right.,SALVTIS,Valetudo standing left resting left arm on column and holding snake in right hand.,MN.ACILIVS [...],1,,Denarius (Roman Republic),Republic,Silver,11728.0,Complete,ROMAN,x41218,ROMAN,x41218,x41218,Metal detector,Returned to finder,SUR-ADE232_67dade99159e6.jpg,1322805.0,images/smaslin/,South East,Certain,1,2025-03-19T15:12:08.66Z,2025-03-07T00:00:00Z,,2.0,51.26470063,-1.24175775,180.0,,Rome,423025.0,rome,12843585.0,x25706,,,,Struck or hammered,,,,,,,,,,,,,,,,,,,,,,
finds-1209222,1209222,LVPL-AB479B,COIN,ROMAN,"A silver Roman Republican denarius of M. Iunius Brutus, dating to the period 54&nbsp;BC&nbsp;(Reece period 1). Reverse type depicting L. Iunius Brutus walking left between two lictors and proceeded by an accensus, in exergue BRVTVS. Mint of Rome. As&nbsp;RRC&nbsp;(Crawford), p. 455, no. 433/1",,21,21,-54.0,-54.0,4,LVPL,,,2025-03-19T12:11:37Z,2025-04-29T16:46:35Z,3.37,PAS67DAB479001B50,19.8,,1,22.0,1,4,1,41426.0,43822.0,41923.0,43822.0,Shropshire,Shropshire,Loppington,,SJ4627,bands.shops.handy,10.0,LVPL-AB5206,242.0,188,Head of Libertas right,LIBERTAS,"L. Iunius Brutus walking left between two lictors and proceeded by an accensus, in exergue BRVTVS",BRVTVS,1,-//-,Denarius (Roman Republic),Republic,Silver,11728.0,Complete,ROMAN,x41218,ROMAN,x41218,x41218,Metal detector,Returned to finder,LVPL-AB479B_680b83e81ba0f.jpg,1327544.0,images/petercarey1/,West Midlands,Certain,1,2025-04-29T15:46:35.244Z,,,2.0,52.83779363,-2.80306941,180.0,3.0,Rome,423025.0,rome,12843585.0,x25706,,,,Struck or hammered,358.0,rrc-433.1,"Junius Brutus, M.",,57296.0,,,,,,,,,,,,,,,,,
finds-1208778,1208778,SWYOR-804741,COIN,ROMAN,"An incomplete Roman Republican coin; a silver republican denarius of the moneyer P. Satrienus, dating to 77&nbsp;BC&nbsp;(Reece period 1). Mint of Rome. Obverse: Helmeted head of Roma right. Reverse: ROMA; [P.SATRIENVS]; She-wolf left. Die Axis 9.&nbsp;RRC number&nbsp;388 (https://numismatics.org/crro/id/rrc-388.1).&nbsp;Measurements are; length 16.8mm, width 13.7mm, thickness 2.2mm and weght 2.55g. Just more than half the coin survives.",,21,21,-77.0,-77.0,4,SWYOR,,PAS form number 4315,2025-03-17T11:16:04Z,2025-04-16T07:41:38Z,2.55,PAS67D804740010C8,,2.2,1,22.0,1,2,1,41430.0,22028.0,21527.0,21490.0,North Yorkshire,Harrogate,Copgrove,,SE3362,bands.shops.handy,8.0,SWYOR-804F76,242.0,188,Helmeted head of Roma right,,She-wolf left,ROMA / [P.SATRIENVS],1,,Denarius (Roman Republic),Republic,Silver,11728.0,Incomplete,ROMAN,x41218,ROMAN,x41218,x41218,Metal detector,Returned to finder,SWYOR-804741_67f8195d8476e.jpg,1325969.0,images/gillb66/,Yorkshire and the Humber,Certain,1,2025-04-16T06:41:38.633Z,2024-08-04T00:00:00Z,2024-08-04T00:00:00Z,2.0,54.05290825,-1.49742943,180.0,9.0,Rome,423025.0,rome,12843585.0,x25706,,,,Struck or hammered,,,,,,,,,,,,13.7,16.8,,,,,,,,,
finds-1208087,1208087,SUR-131C30,COIN,ROMAN,"A silver Roman republican &#39;legionary&#39; denarius of Mark Antony (43-31&nbsp;BC) dating to the period c. 32-31&nbsp;BC&nbsp;(Reece Peiod 1). LEG II&nbsp;reverse type depicting an eagle between two standards. Travelling Mint.&nbsp;RRC, p. 540, no. 544/14.",Recorded from details emailed by the finder.,21,21,-32.0,-31.0,3,SUR,,,2025-03-12T07:03:31Z,2025-04-07T15:41:30Z,2.86,PAS67D131C3001036,1.9,,1,22.0,1,4,1,41424.0,25490.0,24044.0,25490.0,Pembrokeshire,Pembrokeshire,Carew,,SN0403,bands.shops.handy,10.0,SUR-133454,242.0,188,Galley right,ANT AVG III VIR R P C,Eagle between two standards,LEG II,1,-/-//-,Denarius (Roman Republic),Republic,Silver,11728.0,Complete,ROMAN,x41218,ROMAN,x41218,x41218,Metal detector,Returned to finder,SUR-131C30_67d132bf08516.jpg,1321485.0,images/smaslin/,Wales,Certain,1,2025-04-07T14:41:30.838Z,,,2.0,51.69144656,-4.83716888,297.0,,Moving with Republican issuer,,,,,,,,Struck or hammered,368.0,rrc-544.14,"Antonius, M.",88759462.0,59282.0,2.0,Good,,,,,,,,,,,,,,,
finds-1207575,1207575,SUR-E9366E,COIN,ROMAN,"An extremely worn Roman silver denarius of Mark Antony (42-30&nbsp;BC), dating to 32-31&nbsp;BC&nbsp;(Reece period 1). Uncertain LEG[...] reverse type, depicting a legionary eagle between two standards. Travelling mint. As&nbsp;RRC&nbsp;544.&nbsp;","The &#39;legionary&#39; coinage of Mark Antony honoured twenty three legions and were struck for the use of his fleet and legions when he was preparing for the struggle with Octavian, which culminated in the Battle of Actium on the 2nd of September, 31&nbsp;BC. These coins were slightly debased and survived the various monetary reforms from the reign of Nero onwards,&nbsp;remaining in circulation until the 3rd century&nbsp;AD&nbsp;(hence the typical heavy wear for this issue).

Recorded from details emailed by the finder.",21,21,-32.0,-31.0,4,SUR,,MWS,2025-03-10T07:23:18Z,2025-03-21T12:38:13Z,,PAS67CE9366001EB5,18.0,,1,22.0,1,4,1,41427.0,43925.0,16899.0,43925.0,Wiltshire,Wiltshire,Steeple Langford,,SU0238,bands.shops.handy,10.0,SUR-E9400B,242.0,188,Galley right.,[...],Aquila between standards.,[...],1,,Denarius (Roman Republic),Republic,Silver,11728.0,Complete,ROMAN,x41218,ROMAN,x41218,x41218,Metal detector,Returned to finder,SUR-E9366E_67ce937b6b569.jpg,1321078.0,images/smaslin/,South West,Certain,1,2025-03-21T12:38:13.244Z,2025-03-08T00:00:00Z,,2.0,51.14126428,-1.97279074,297.0,,Moving with Republican issuer,,,,,,,,Struck or hammered,,,,,,,,,,,,,,,,,,,,,,
finds-1207248,1207248,WREX-88411A,COIN,ROMAN,"A silver Roman denarius of Augustus (27 BC-AD 14) dating to the period c. 2 BC-AD 4 (Reece Period 1).&nbsp;C L CAESARES AVGVSTI F COS DESIG PRINC IVVENT reverse type depicting Caius and Lucius Caesars standing facing holding spears and shields; simpulum and lituus above.&nbsp;Mint of Lyon. RIC I (2nd ed.), p. 55, no. 207.&nbsp;Measurements: Diameter: 17.6mm; weight:3.08g. Die Axis: 11.",,21,21,-2.0,4.0,3,WREX,,NWales PAS 241106PW1,2025-03-05T17:04:17Z,2025-03-05T17:18:55Z,3.08,PAS67C88411001A5F,17.6,,1,22.0,1,4,1,41426.0,43822.0,9613.0,43822.0,Shropshire,Shropshire,Restricted Access,Ellesmere Rural,Restricted Access,bands.shops.handy,6.0,WREX-88487B,243.0,25,"Laureate head, right",CA[ESAR AVGVSTVS DIVI F] PATER PATRIAE,Caius and Lucius Caesars standing facing holding spears and shields; simpulum and lituus above,C L CAESARES [AVGVSTI F COS DESIG PRIN]C IVVENT,1,,Denarius (Empire),Augustus,Silver,11728.0,Complete,ROMAN,x41218,ROMAN,x41218,x41218,Metal detector,Returned to finder,WREX-88411A_67c8865c65ca8.jpg,1320723.0,images/susiewhite/,West Midlands,Certain,1,2025-03-05T17:18:55.593Z,2024-08-06T00:00:00Z,2024-11-06T00:00:00Z,2.0,52.9159139,-2.944987,,11.0,,,,,,augustus,Augustus,18013086.0,Struck or hammered,,,,,,1.0,Fair,,,,ric.1(2).aug.207,,,,,,,,,,,
finds-1206986,1206986,WILT-706C7C,COIN,ROMAN,"A Roman silver denarius of Tiberius (AD 14-37) dating to AD 14-37 (Reece period 1).&nbsp; T CAESAR DIVI AVG F AVGVSTVS reverse type depicting Livia as Pax holding a branch and sceptre, seated right; ornate chair legs and double line below chair.&nbsp; Unclear mint.",,21,21,14.0,37.0,4,WILT,,SSWM 6695,2025-03-04T13:57:27Z,2025-03-06T15:02:41Z,3.24,PAS67C706C7001CB3,19.5,,1,22.0,1,4,1,41427.0,10578.0,10536.0,43462.0,Somerset,Mendip,Priddy,,ST5255,bands.shops.handy,10.0,WILT-708095,244.0,25,Laureate bust facing right.,T CAESAR DIVI AVG F AVGVSTVS,"Livia as Pas, holding branch and sceptre, seated right; ornate chair legs, double line below chair.",PONTIF MAXIM,1,,Denarius (Empire),Tiberius,Silver,11728.0,Complete,ROMAN,x41218,ROMAN,x41218,x41218,Metal detector,Returned to finder,WILT-706C7C_67c9b7d769986.jpg,1320800.0,images/alysontanner/,South West,Certain,1,2025-03-06T15:02:41.856Z,,,2.0,51.29209672,-2.6897562,,5.0,,,,,,tiberius,Tiberius,89600176.0,Struck or hammered,,,,,,,,,,,,,,,,,,,,,,
finds-1206938,1206938,BUC-6E2C1C,COIN,ROMAN,"A silver Roman Republican denarius of Julius Caesar dating to the period 49-48&nbsp;BC, Reece Period 1.&nbsp;CAESAR reverse type depicting an Elephant right, legend in exergue. Travelling mint moving with Caesar. &nbsp;RRC, p. 461, no. 443/1.",,21,21,-49.0,-48.0,4,BUC,,PAS 0859,2025-03-04T11:23:45Z,2025-03-21T12:11:37Z,3.54,PAS67C6E2C1001C53,,,1,22.0,1,4,1,41421.0,11901.0,11914.0,11903.0,Buckinghamshire,Aylesbury Vale,Stewkley,,SP8427,bands.shops.handy,10.0,BUC-6E3499,242.0,188,"Pontificial implements (culullus, aspergillum, axe, and apex).",,"Elephant right, trampling on dragon, legend in exergue.",CAESAR,1,,Denarius (Roman Republic),Republic,Silver,11728.0,Complete,ROMAN,x41218,ROMAN,x41218,x41218,Metal detector,Returned to finder,BUC-6E2C1C_67c713b28f8e7.jpg,1320515.0,images/ajames/,South East,Certain,1,2025-03-21T12:11:37.855Z,2024-11-20T00:00:00Z,,2.0,51.93517916,-0.77959768,297.0,12.0,Moving with Republican issuer,,,,,,,,Struck or hammered,,,,,,,,,,,,16.4,16.7,,,,,,,,,
finds-1206715,1206715,WREX-58B050,COIN,ROMAN,"Complete silver Roman republican denarius of Mn. Aquilius dating to the period c. 109-108 BC (Reece Period 1). Mint of Rome. RRC 303/1.

Obverse: Head of Sol, right. 

Reverse: Luna in biga, right, holding reins in both hands; above, three stars; below, one star. Legend reads MN AQVIL // ROM[A].&nbsp; 

Measurements: Diameter: 19.3mm; weight: 3.07g. Die Axis: 4",,21,21,-109.0,-108.0,4,WREX,,NWales PAS 240611MH,2025-03-03T10:57:09Z,2025-03-03T11:04:36Z,3.07,PAS67C58B05001047,19.3,,1,22.0,1,4,1,,43552.0,12437.0,43552.0,Cheshire West and Chester,Cheshire West and Chester,Restricted Access,Huxley,Restricted Access,bands.shops.handy,10.0,WREX-58C323,242.0,188,"Head of Sol, right.",,"Luna in biga, right, holding reins in both hands; above, three stars; below, one star.",MN AQVIL // ROM[A],1,,Denarius (Roman Republic),Republic,Silver,11728.0,Complete,ROMAN,x41218,ROMAN,x41218,x41218,Metal detector,Returned to finder,WREX-58B050_67c58c628913d.jpg,1320281.0,images/susiewhite/,,Certain,1,2025-03-03T11:04:36.32Z,2024-08-06T00:00:00Z,2024-11-06T00:00:00Z,,53.1482537,-2.7310092,180.0,4.0,Rome,423025.0,rome,12843585.0,x25706,,,,,150.0,rrc-303.1,"Aquillius, Mn",,94530.0,1.0,Fair,,,,,,,,,,,,,,,
finds-1206367,1206367,DENO-03EA0C,COIN,ROMAN,"A complete&nbsp;Roman Republican silver denarius dating to&nbsp;87&nbsp;BC. Reece Period 1. Obverse depicting laureate head of Jupiter and reverse type depicting a&nbsp;triumphal quadriga with&nbsp;Victory aboce with wreath. Republican moneyer: L. Rubrius Dossenus. Mint of Rome. Die axis: 3 o&#39;clock. The outer edges of the reverse are now well-worn, obscuring detail including the legend.

Diameter: 16 mm, thickness: 2.2 mm. and weight: 3.64 g.",,21,21,-87.0,,4,DENO,,Derby E9817,2025-02-27T10:29:52Z,2025-07-20T15:25:00Z,3.64,PAS67C03EA0001C55,16.0,2.2,1,22.0,1,4,1,41423.0,7371.0,7320.0,7306.0,Northamptonshire,South Northamptonshire,Farthinghoe,,SP5437,bands.shops.handy,10.0,DENO-040305,242.0,188,"Laureate head of Jupiter, right, with sceptre over shoulder",DOSSEN,"Triumphal quadriga (with thunderbolt on side-panel), right; above, Victory with wreath",Illegible,1,,Denarius (Roman Republic),Republic,Silver,11728.0,Complete,ROMAN,x41218,ROMAN,x41218,x41218,Metal detector,Returned to finder,DENO-03EA0C_687cfb5b303d4.jpg,1340906.0,images/meghank/,East Midlands,Certain,1,2025-07-20T14:25:00.923Z,,,2.0,52.0287915,-1.21433125,180.0,3.0,Rome,423025.0,rome,12843585.0,x25706,,,,Struck or hammered,195.0,rrc-348.1,"Rubrius Dossenus, L.",,176809.0,3.0,Poor,,,,,,,,,,,,,,,
finds-1205901,1205901,WREX-C9E614,COIN,ROMAN,"A silver Republican denarius serratus of Q. Antonius Balbus (c. 83-82 BC) dating to the period c. AD 83-82 BC (Reece Period 1). Obverse: S C; laureate head of Jupiter&nbsp;right. Reverse: Q ANTO BALB / P R;&nbsp;Victory in quadriga, right, holding reins and palm-branch in left hand and wreath in right.&nbsp;Mint of Rome. RRC, p. 379, no. 364/1d.

Measurements: Diameter: 18.3mm; thickness: 1.4mm; die axis: 9; weight: 4g ",,21,21,-83.0,-82.0,3,WREX,,NWales PAS  230211RJ,2025-02-24T16:29:21Z,2025-04-14T11:40:41Z,4.0,PAS67BC9E6100141F,18.3,1.4,1,22.0,1,4,1,41424.0,25487.0,22208.0,25487.0,Denbighshire,Denbighshire,Llanbedr Dyffryn Clwyd,,SJ1260,bands.shops.handy,10.0,WREX-C9EDF6,,179,Laureate head of Jupiter right,S C,"Victory in quadriga, right, holding reins and palm-branch in left hand and wreath in right",[Q] ANTO BA[LB / P R],1,-/-//-,Denarius serratus (Roman Republic),,Silver,11728.0,Complete,ROMAN,x41218,ROMAN,x41218,x41218,Metal detector,Returned to finder,WREX-C9E614_67bc9efb2b4ae.jpg,1319298.0,images/susiewhite/,Wales,Certain,1,2025-04-14T10:40:41.846Z,2023-02-11T00:00:00Z,2023-01-11T00:00:00Z,,53.12987178,-3.31667021,180.0,9.0,Rome,423025.0,rome,12843585.0,x25706,,,,,207.0,,"Antonius Balbus, Q.",,177038.0,2.0,Good,,,,,,,,,,,,,,,
finds-1205715,1205715,IOW-C4A261,COIN,ROMAN,"A silver Roman republican denarius of&nbsp;Lucius Cassius Caecianus&nbsp;dating to the period c. 102 BC (Reece Period 1).&nbsp;Obverse: CAEICIAN. Bust of Ceres left. Reverse: L CASSI. Yoke of oxen left; control marks above. Mint of Rome. RRC, p. 325, no. 321/1.
&nbsp;",,21,21,-102.0,-102.0,3,IOW,,,2025-02-24T10:29:58Z,2025-02-27T18:38:53Z,2.88,PAS67BC4A26001177,17.0,2.0,1,22.0,1,4,1,,25469.0,11610.0,25469.0,Isle of Wight,Isle of Wight,Restricted Access,Isle of Wight,Restricted Access,bands.shops.handy,10.0,IOW-C63AAF,242.0,25,Bust of Ceres left,CAECIAN,"Yoke of oxen, left",(L.CASSI),1,-/-//-,Denarius (Empire),Republic,Silver,11728.0,Complete,ROMAN,x41218,ROMAN,x41218,x41218,Metal detector,Returned to finder,IOW-C4A261_67bc6aaac34d7.jpg,1319166.0,images/lewisf/,,Certain,1,2025-02-27T18:38:53.111Z,,,2.0,50.6710825,-1.3328043,180.0,,Rome,423025.0,rome,12843585.0,x25706,,,,Struck or hammered,167.0,rrc-321.1,"Cassius Caecianus, L.",,176172.0,1.0,Fair,,,,,,,,,,,,,,,
finds-1205401,1205401,DENO-72FB23,COIN,ROMAN,"A complete, but very worn, Roman silver Republican denarius dating c.&nbsp;32-31&nbsp;BC. Reece Period 1. Reverse depicting a ship, right, with sceptre tied with fillet on prow. Moneyer: Mark Antony.&nbsp;Both faces are well-worn, with the reverse amost completely smooth. Mint and die axis unclear.

Diameter: 17 mm, thickness: 1.5 mm. and weight: 2.7 g.",,21,21,-32.0,-31.0,4,DENO,,Derby E9817,2025-02-20T13:35:46Z,2025-07-20T15:32:57Z,2.7,PAS67B72FB20012E1,17.0,1.5,1,22.0,1,4,1,41426.0,10049.0,9865.0,9885.0,Warwickshire,Rugby,Marton,,SP4068,bands.shops.handy,10.0,DENO-731F66,242.0,188,"Ship, right, with sceptre tied with fillet on prow",Illegible,,Illegible,1,,Denarius (Roman Republic),Republic,Silver,11728.0,Complete,ROMAN,x41218,ROMAN,x41218,x41218,Metal detector,Returned to finder,DENO-72FB23_687cfdc91d174.jpg,1340911.0,images/meghank/,West Midlands,Certain,1,2025-07-20T14:32:57.535Z,2021-11-01T00:00:00Z,,2.0,52.30866396,-1.41473196,,,,,,,,,,,Struck or hammered,368.0,,"Antonius, M.",88759462.0,59282.0,3.0,Poor,,,,,,,,,,,,,,,
finds-1204869,1204869,SF-3505CE,COIN,ROMAN,"A complete silver Roman republican denarius of D. Iunius Silanus, dating to the year 91 BC.&nbsp;D&middot;SILANVS&middot;L&middot;F ROMA reverse type, depicting&nbsp;Victory in biga, right, holding reins in both hands. Border of dots.

RRC 337/3",,21,21,-91.0,,4,SF,,,2025-02-17T15:06:04Z,2025-06-19T08:52:02Z,3.69,PAS67B3505C001EFB,16.24,,1,22.0,1,4,1,,15934.0,15726.0,15674.0,Suffolk,Mid Suffolk,Restricted Access,Near Drinkstone,Restricted Access,bands.shops.handy,6.0,SF-3507EA,242.0,188,"Helmeted head of Roma, right. Border of dots.",,"Victory in biga, right, holding reins in both hands. Border of dots. Control mark XIII above",[D·SIL]ANVS·[L·F ROMA],1,,Denarius (Roman Republic),Republic,Silver,11728.0,Complete,ROMAN,x41218,ROMAN,x41218,x41218,Metal detector,Returned to finder,SF-3505CE_6853c190126a2.jpg,1336372.0,images/laurasm1/,,Certain,1,2025-06-19T07:52:02.742Z,2025-01-31T00:00:00Z,,2.0,,,,10.0,,,,,,,,,Struck or hammered,,,,,,,,,,,,,,,,,,,,,,
finds-1204825,1204825,ESS-34658D,COIN,ROMAN,"A silver Roman denarius of Augustus (31&nbsp;BC-AD&nbsp;14)&nbsp;dating to the period c. 29-27&nbsp;BC&nbsp;(Reece Period 1). IMP CAESAR&nbsp;reverse type depicting Octavian, veiled and laureate, ploughing with yoke of oxen to the right, holding a whip. Uncertain Italian mint. RIC&nbsp;I (2nd ed.), p. 60, no. 272.",,21,21,-29.0,-27.0,3,ESS,,,2025-02-17T14:23:20Z,2025-02-21T17:19:58Z,3.15,PAS67B34658001D5D,21.5,,1,22.0,1,4,1,41425.0,19687.0,20128.0,20033.0,Essex,Uttlesford,Restricted Access,Uttlesford,Restricted Access,bands.shops.handy,10.0,ESS-34DD59,243.0,25,"Head of Apollo, laureate, right",,"Octavian, veiled and draped, driving a yoke of oxen right, whip in left hand",IMP CAES(AR),1,-/-//-,Denarius (Empire),Augustus,Silver,11728.0,Complete,ROMAN,x41218,ROMAN,x41218,x41218,Metal detector,Returned to finder,ESS-34658D_67b3478a2d5fe.jpg,1317919.0,images/lrogerson/,Eastern,Certain,1,2025-02-21T17:19:58.971Z,2024-11-10T00:00:00Z,,2.0,51.9299895,0.2708365,180.0,9.0,Rome,423025.0,rome,12843585.0,x25706,augustus,Augustus,18013086.0,Struck or hammered,,,,,,2.0,Good,,,,ric.1(2).aug.272,,,,,,,,,,,
finds-1204740,1204740,SF-3016DF,COIN,ROMAN,"A complete silver Roman denarius of Tiberius, dating to the period&nbsp;AD&nbsp;14-37 (Reece period 1).&nbsp;PONTIF MAXIM reverse type, depicting&nbsp;Livia, as Pax, seated right on throne, holding long sceptre and olive branch, chair legs ornamented, single line below. Mint of Lugdunum.

RIC&nbsp;no.30",,21,21,14.0,37.0,4,SF,,,2025-02-17T09:29:17Z,2025-06-19T09:01:09Z,3.22,PAS67B3016D001F71,16.23,,1,22.0,1,4,1,,,,,,,,,,,,,244.0,25,Laureate head right,TI CAESAR [DIVI AVG F AVGVSTVS,"Livia, as Pax, seated right on throne, holding long sceptre and olive branch, chair legs ornamented, single line below",PON[TIF] MAXIM,1,,Denarius (Empire),Tiberius,Silver,11728.0,Complete,ROMAN,x41218,ROMAN,x41218,x41218,Metal detector,Returned to finder,SF-3016DF_6853c3a9da387.jpg,1336386.0,images/laurasm1/,,Certain,1,2025-06-19T08:01:10.014Z,2024-12-19T00:00:00Z,,2.0,,,137.0,2.0,Lugdunum,167717.0,lugdunum,20068132.0,x29284,tiberius,Tiberius,89600176.0,Struck or hammered,,,,,,,,,,,,,,,,,,,,,,
finds-1204710,1204710,BERK-0D63F7,COIN,ROMAN,"A silver Roman Republican denarius of Hostilius&nbsp;Saserna&nbsp;dating to the period&nbsp;48&nbsp;BC&nbsp;(Reece period 1).&nbsp;L&middot;HOSTILIVS SASERN[ ]. Victory walking right, holding trophy in left hand over left shoulder and caduceus in right hand. Border of dots. Mint of Rome.&nbsp;http://numismatics.org/crro/id/rrc-448.1",,21,21,-48.0,-48.0,4,BERK,,,2025-02-15T18:00:31Z,2025-05-08T10:55:10Z,3.44,PAS67B0D63F001760,17.1,2.1,1,22.0,23,2,1,41421.0,17765.0,17526.0,17754.0,Hampshire,Winchester,Restricted Access,Warnford CP,Restricted Access,bands.shops.handy,10.0,BERK-0D6473,242.0,188,"Female head, right, wearing oak-wreath and diadem. Border of dots.",,"Victory walking right, holding trophy in left hand over left shoulder and caduceus in right hand. Border of dots.",[L·HOST]ILIVS SAS[ERN.],1,,Denarius (Roman Republic),Republic,Silver,11728.0,Incomplete,ROMAN,x41218,ROMAN,x41218,x41218,Metal detector,Submitted for consideration as Treasure,BERK-0D63F7_67b1f92ac8f97.jpg,1317826.0,images/pipsmither/,South East,Certain,1,2025-05-08T09:55:10.263Z,2025-02-15T00:00:00Z,,2.0,51.0097254,-1.1291964,180.0,6.0,Rome,423025.0,rome,12843585.0,x25706,,,,Struck or hammered,276.0,rrc-448.1,"Hostilius Saserna, L.",,177564.0,2.0,Good,,,,,,,,1.0,,2025T195,,,,,
finds-1204709,1204709,BERK-0D5C1B,COIN,ROMAN,A silver Roman Republican denarius of Marc Antony dating to the period&nbsp;32-31 BC (Reece period 1). LEG II: Aquila between two standards. Border of dots. Travelling mint.&nbsp;RRC 544/14,,21,21,-32.0,-31.0,4,BERK,,,2025-02-15T17:58:25Z,2025-05-08T10:55:37Z,3.45,PAS67B0D5C1001BCF,17.5,2.0,1,22.0,23,2,1,41421.0,17765.0,17526.0,17754.0,Hampshire,Winchester,Restricted Access,Warnford CP,Restricted Access,bands.shops.handy,10.0,BERK-0D5F63,242.0,188,"Ship, right, with sceptre tied with fillet on prow. Border of dots.",ANT·AVG III·VIR·R·P·C,Aquila between two standards. Border of dots.,LEG II,1,,Denarius (Roman Republic),Republic,Silver,11728.0,Incomplete,ROMAN,x41218,ROMAN,x41218,x41218,Metal detector,Submitted for consideration as Treasure,BERK-0D5C1B_67b1f8b69a389.jpg,1317824.0,images/pipsmither/,South East,Certain,1,2025-05-08T09:55:37.31Z,2025-02-15T00:00:00Z,,2.0,51.0097254,-1.1291964,297.0,6.0,Moving with Republican issuer,,,,,,,,Struck or hammered,368.0,rrc-544.14,"Antonius, M.",88759462.0,59282.0,2.0,Good,,,,,,,,1.0,,2025T195,,,,,
finds-1204322,1204322,BERK-DF9682,COIN,ROMAN,A worn silver Roman Republican denarius of Marc Antony dating to the period&nbsp;32-31&nbsp;BC&nbsp;(Reece period 1). LEG [...]: Aquila between two standards. Border of dots. Travelling mint.,,21,21,-32.0,-31.0,4,BERK,,MR.039.2025,2025-02-13T13:53:44Z,2025-03-11T11:48:34Z,2.46,PAS67ADF96800123C,17.1,1.4,1,22.0,1,4,1,41421.0,38899.0,435.0,38899.0,West Berkshire,West Berkshire,Welford,,SU4074,bands.shops.handy,10.0,BERK-0226AA,242.0,188,"Ship, right, with sceptre tied with fillet on prow. Border of dots.",[ANT·AVG III·VI]R·R·P·C,Worn. Aquila between two standards. Border of dots.,[...],1,,Denarius (Roman Republic),Republic,Silver,11728.0,Complete,ROMAN,x41218,ROMAN,x41218,x41218,Metal detector,Returned to finder,BERK-DF9682_67d410eb867a0.jpg,1322047.0,images/pipsmither/,South East,Certain,1,2025-03-14T11:20:13.804Z,1980-01-01T00:00:00Z,2025-01-01T00:00:00Z,2.0,51.46356553,-1.42560141,297.0,,Moving with Republican issuer,,,,,,,,Struck or hammered,,,,,,2.0,Good,,,,,,,,,,,,,,,
finds-1204294,1204294,BERK-DF7E0C,COIN,ROMAN,A silver Roman denarius of&nbsp;C. Vibius Pansa Caetronianus&nbsp;(AD 48) dating to the period AD 48 (Reece period 1)&nbsp;C&middot;VIBIVS&middot;C&middot;F&middot;C&middot;N&nbsp;IOVISAXVR. Mint of Rome.&nbsp;RRC 449/1,,21,21,-48.0,-48.0,4,BERK,,MR.014.2025,2025-02-13T13:47:12Z,2025-04-08T08:47:58Z,3.22,PAS67ADF7E0001C50,16.1,2.0,1,22.0,1,4,1,41421.0,38899.0,435.0,38899.0,West Berkshire,West Berkshire,Welford,,SU4074,bands.shops.handy,10.0,BERK-13B3B7,242.0,188,"Mask of bearded Pan, right. Border of dots.",PANSA,"Jupiter seated left, laureate, holding patera in right hand and sceptre in left hand. Border of dots.",[C·VIBIVS·C·F·C·N] IOVISAXVR,1,,Denarius (Roman Republic),Republic,Silver,11728.0,Complete,ROMAN,x41218,ROMAN,x41218,x41218,Metal detector,Returned to finder,BERK-DF7E0C_67d406f5c423c.jpg,1322003.0,images/pipsmither/,South East,Certain,1,2025-04-08T07:47:58.66Z,1980-01-01T00:00:00Z,2025-01-01T00:00:00Z,2.0,51.46356553,-1.42560141,180.0,6.0,Rome,423025.0,rome,12843585.0,x25706,,,,Struck or hammered,361.0,rrc-449.1,"Vibius Pansa Caetronianus, C.",,177565.0,2.0,Good,,,,,,,,,,,,,,,
finds-1204282,1204282,BERK-DF77F7,COIN,ROMAN,"A broken silver Roman denarius of Tiberius (AD&nbsp;14-37) dating to the period&nbsp;AD&nbsp;14-37 (Reece period 1).&nbsp;PONTIF MAXIM;&nbsp;Female figure, draped, right, seated, right holding branch and long vertical sceptre, on chair with ornamented legs; below chair, a single line. Mint of Rome.&nbsp;RIC&nbsp;I (second edition) Tiberius 30.",,21,21,14.0,37.0,4,BERK,,MR.003.2025,2025-02-13T13:45:35Z,2025-03-11T13:43:26Z,2.85,PAS67ADF77F001705,17.3,2.1,1,22.0,1,2,1,41421.0,38899.0,435.0,38899.0,West Berkshire,West Berkshire,Welford,,SU4074,bands.shops.handy,10.0,BERK-03D479,244.0,25,"Head of Tiberius, laureate, right",[TI CAESAR DIVI AVG F AVGVSTVS],"Female figure, draped, right, seated, right holding branch and long vertical sceptre, on chair with ornamented legs; below chair, a single line",PONTIF [MAXIM],1,,Denarius (Empire),Tiberius,Silver,11728.0,Incomplete,ROMAN,x41218,ROMAN,x41218,x41218,Metal detector,Returned to finder,BERK-DF77F7_67d402122a7df.jpg,1321991.0,images/pipsmither/,South East,Certain,1,2025-03-14T10:16:52.462Z,1980-01-01T00:00:00Z,2025-01-01T00:00:00Z,2.0,51.46356553,-1.42560141,180.0,8.0,Rome,423025.0,rome,12843585.0,x25706,tiberius,Tiberius,89600176.0,Struck or hammered,,,,,,2.0,Good,,,,ric.1(2).tib.30,,,,,,,,,,,
finds-1204197,1204197,SOM-DD47B2,COIN,ROMAN,"A worn silver Roman Republican denarius of uncertain moneyer dating to the period 200 &ndash; 50&nbsp;BC&nbsp;(Reece Period 1). Reverse type Victory in biga, right, holding reins in left hand and wreath in right hand. Mint uncertain.

Diameter 17.16mm
Weight 3.41g",,21,21,-200.0,-50.0,4,SOM,,SMS 24166,2025-02-13T11:16:11Z,2025-02-27T09:34:04Z,3.41,PAS67ADD47B0012A7,17.16,,1,22.0,1,4,1,41427.0,10578.0,10531.0,43462.0,Somerset,Mendip,Restricted Access,Chewton Mendip,Restricted Access,bands.shops.handy,10.0,SOM-DFA164,242.0,188,"Helmeted head of Roma, right.",,"Victory in biga, right, holding reins in left hand and wreath in right hand.",,1,,Denarius (Roman Republic),Republic,Silver,11728.0,Complete,ROMAN,x41218,ROMAN,x41218,x41218,Metal detector,Returned to finder,SOM-DD47B2_67bd978155775.jpg,1319351.0,images/laurabeckwith/,South West,Certain,1,2025-02-27T09:34:04.967Z,,2024-12-16T00:00:00Z,2.0,51.2738346,-2.5956,,3.0,,,,,,,,,Struck or hammered,,,,,,,,,,,,,,,,,,,,,,
finds-1204063,1204063,SUSS-CA1B88,COIN,ROMAN,"A silver Roman republican denarius of Mn. Fonteius dating to c. 85 BC (Reece Period 1).&nbsp;Obverse: MN FONTEI C F. Laureate head of Apollo right. Reverse: Cupid on goat, right; around, laurel-wreath. Mint of Rome. RRC, p.&nbsp;369, no. 353/1a.",,21,21,-85.0,-85.0,3,SUSS,,,2025-02-12T13:27:20Z,2025-02-12T14:18:27Z,2.06,PAS67ACA1B80018E1,17.95,,1,22.0,1,4,1,41421.0,17765.0,17313.0,17315.0,Hampshire,East Hampshire,Buriton,,SU7419,bands.shops.handy,10.0,SUSS-CA21A1,242.0,188,Laureate head of Apollo right,MN FONTEI CF,"Cupid on goat, right; around, laurel-wreath",,1,-/-//-,Denarius (Roman Republic),Republic,Silver,11728.0,Complete,ROMAN,x41218,ROMAN,x41218,x41218,Metal detector,Returned to finder,SUSS-CA1B88_67aca1d89c7aa.jpg,1317210.0,images/janeclark68s/,South East,Certain,1,2025-02-12T14:18:27.142Z,2021-04-11T00:00:00Z,,2.0,50.96567779,-0.94758117,180.0,3.0,Rome,423025.0,rome,12843585.0,x25706,,,,Struck or hammered,201.0,rrc-353.1a,"Fonteius, Mn.",,175835.0,1.0,Fair,,,,,,,,,,,,,,,
finds-1203845,1203845,HAMP-B3BE56,COIN,ROMAN,"A silver Roman Republican denarius of Mark Antony, dating to 32-31&nbsp;BC&nbsp;(Reece Period 1) and struck by a travelling mint. Obverse galley right with the legend ANT AVG above and III.VIR.R.P C below. The reverse is worn but depicts a legionary eagle between two standards and the legend, which is probably&nbsp;&nbsp;LEG XI.&nbsp;",Recorded remotely,21,21,-32.0,-31.0,4,HAMP,,Hayling Detect,2025-02-11T12:00:37Z,2025-02-11T17:29:21Z,3.33,PAS67AB3BE50016D8,,2.0,1,22.0,1,4,1,41421.0,17765.0,17336.0,17754.0,Hampshire,Winchester,Hambledon,,SU6616,bands.shops.handy,10.0,HAMP-B3C35A,242.0,188,Galley right with the legend above and below,ANT AVG  III.VIR.R.P C,Legionary eagle between two standards,LEG XI,1,,Denarius (Roman Republic),Republic,Silver,11728.0,Complete,ROMAN,x41218,ROMAN,x41218,x41218,Metal detector,Returned to finder,HAMP-B3BE56_67ab8670dfebc.jpg,1316991.0,images/alrth0m/,South East,Certain,1,2025-02-11T17:29:21.454Z,,,2.0,50.93967503,-1.06203026,297.0,,Moving with Republican issuer,,,,,,,,Struck or hammered,,,,,,,,,,,,16.0,18.0,Finder,,,,,,,,
finds-1203816,1203816,SF-B2A999,COIN,ROMAN,"A complete silver Roman imperatorial denarius of Marc Antony, dating to the period 32-31&nbsp;BC&nbsp;(Reece period 1). Reverse depicting LEG II, eagle between standards.&nbsp;

RRC&nbsp;no.544/19",,21,21,-32.0,-31.0,4,SF,,,2025-02-11T10:46:49Z,2025-06-20T15:04:33Z,2.82,PAS67AB2A990019C1,17.75,,1,22.0,1,4,1,41425.0,15934.0,15615.0,15674.0,Suffolk,Mid Suffolk,Restricted Access,Wetheringsett-cum-Brockford,Restricted Access,bands.shops.handy,8.0,SF-B2AA32,242.0,188,Galley right,[ANT] AVG III VIR R [P C],"[LEG II], legionary aquila between two standards",,1,,Denarius (Roman Republic),Republic,Silver,11728.0,Complete,ROMAN,x41218,ROMAN,x41218,x41218,Metal detector,Returned to finder,SF-B2A999_6825f6f19caa2.jpg,1330838.0,images/karenh/,Eastern,Certain,1,2025-06-20T14:04:34.009Z,2024-01-01T00:00:00Z,,2.0,52.2518975,1.1240623,,6.0,,,,,,,,,Struck or hammered,,,,,,,,,,,,,,,,,,,,,,
finds-1203719,1203719,SUSS-A09294,COIN,ROMAN,"A complete Roman denarius of Tiberius (AD&nbsp;14-37) dating to the period&nbsp;AD&nbsp;14-37 (Reece Period 1). PONTIF MAXIM reverse type depicting Livia or Pax draped, right, seated, right holding branch and long vertical sceptre, on chair with ornamented legs; below chair, a single line. Mint of Lyon. As&nbsp;RIC&nbsp;I, p,95, no: 30",,21,21,14.0,37.0,4,SUSS,,,2025-02-10T14:11:53Z,2025-02-11T15:26:16Z,3.79,PAS67AA092900146E,18.24,,1,22.0,1,4,1,41421.0,17765.0,17522.0,17315.0,Hampshire,East Hampshire,Wield,,SU6240,bands.shops.handy,10.0,SUSS-A094DD,244.0,25,Laureate head right,TI CAESAR DIVI AVG F AVGVSTVS,"Livia or Pax draped, right, seated, right holding branch and long vertical sceptre, on chair with ornamented legs; below chair, a single line",PONTIF MAXIM,1,,Denarius (Empire),Tiberius,Silver,11728.0,Complete,ROMAN,x41218,ROMAN,x41218,x41218,Metal detector,Returned to finder,SUSS-A09294_67ab6a9da023e.jpg,1316940.0,images/janeclark68s/,South East,Certain,1,2025-02-11T15:26:16.213Z,2022-11-27T00:00:00Z,,2.0,51.15590448,-1.11485031,137.0,5.0,Lugdunum,167717.0,lugdunum,20068132.0,x29284,tiberius,Tiberius,89600176.0,Struck or hammered,,,,,,,,,,,,,,,,,,,,,,
finds-1203468,1203468,SUR-5ECF7E,COIN,ROMAN,"A silver Roman Repiublican denarius of Julius Caesar dating to 47-46 BC (Reece period 1). Obverse: head of Venus, right, no legend. Reverse: Aeneas moving left, with head facing, holding Palladium and bearing his father Anchises on his&nbsp;left shoulder, CAESAR. North African mint. As RRC 458/1.",,21,21,-47.0,-46.0,4,SUR,,,2025-02-07T11:22:31Z,2025-02-07T15:00:32Z,3.47,PAS67A5ECF7001E74,18.2,1.9,1,22.0,1,4,1,41421.0,17765.0,17495.0,17653.0,Hampshire,Basingstoke and Deane,Restricted Access,Near Basingstoke,Restricted Access,bands.shops.handy,10.0,SUR-5ED79A,242.0,188,"Head of Venus, right.",,"Aeneas moving left, with head facing, holding Palladium and bearing his father Anchises on his left shoulder.",CAESAR,1,,Denarius (Roman Republic),Republic,Silver,11728.0,Complete,ROMAN,x41218,ROMAN,x41218,x41218,Metal detector,Returned to finder,SUR-5ECF7E_67a62003bc046.jpg,1316375.0,images/smaslin/,South East,Certain,1,2025-02-07T15:00:32.706Z,2024-09-16T00:00:00Z,,2.0,51.2306463,-1.2269672,295.0,6.0,African Mint,,,,x21550,,,,Struck or hammered,,,,,,,,,,,,,,,,,,1.0,,,,
finds-1203408,1203408,ESS-4D0B71,COIN,ROMAN,"A silver Roman republican denarius of&nbsp;P. Clodius dating to c. 42 BC&nbsp;(Reece Period 1). P&middot;CLODIVS / M&middot;F&nbsp;reverse type depiciting crescent surrounded by five stars.&nbsp;Mint of Rome. RRC, p. 505, no.&nbsp;494/21.",,21,21,-42.0,-42.0,3,ESS,,,2025-02-06T15:09:43Z,2025-02-21T17:25:45Z,3.38,PAS67A4D0B70010F4,17.8,,1,22.0,1,4,1,,38866.0,42325.0,38866.0,Thurrock,Thurrock,East Tilbury,,TQ6877,bands.shops.handy,8.0,ESS-4D104A,242.0,188,"Radiate head of Sol, right",,Crescent surrounded by five stars,P·CLODIV[S] / M·F,1,-/-//-,Denarius (Roman Republic),Republic,Silver,11728.0,Complete,ROMAN,x41218,ROMAN,x41218,x41218,Metal detector,Returned to finder,ESS-4D0B71_67a4d23fee25c.jpg,1316158.0,images/lrogerson/,,Certain,1,2025-02-21T17:25:45.887Z,,,2.0,51.46703267,0.41725845,180.0,12.0,Rome,423025.0,rome,12843585.0,x25706,,,,Struck or hammered,303.0,rrc-494.21,"Clodius, P.",,177756.0,2.0,Good,,,,,,,,,,,,,,,
finds-1203156,1203156,BERK-38C727,COIN,ROMAN,"A silver Roman Republican denarius of Lollius Palicanus dating to 45 BC (Reece period 1).&nbsp;PALIKANVS: Rostra, on which stands subsellium (Tribune&#39;s bench). Border of dots. Mint of Rome.&nbsp;RRC 473/1",,21,21,-45.0,-45.0,4,BERK,,,2025-02-05T16:06:10Z,2025-05-08T10:55:24Z,3.5,PAS67A38C72001713,19.1,2.2,1,22.0,23,1,1,41421.0,17765.0,17526.0,17754.0,Hampshire,Winchester,Restricted Access,Warnford CP,Restricted Access,bands.shops.handy,10.0,BERK-38CDF8,242.0,188,"Head of Libertas, right. Border of dots.",LIBERTATIS,"Rostra, on which stands subsellium (Tribune's bench). Border of dots.",[PALI]KANVS,1,,Denarius (Roman Republic),Republic,Silver,11728.0,Fragment,ROMAN,x41218,ROMAN,x41218,x41218,Metal detector,Submitted for consideration as Treasure,BERK-38C727_67b1f99f6ddff.jpg,1317827.0,images/pipsmither/,South East,Certain,1,2025-05-08T09:55:24.231Z,,,2.0,51.0097254,-1.1291964,180.0,6.0,Rome,423025.0,rome,12843585.0,x25706,,,,Struck or hammered,290.0,rrc-473.1,(Lollius) Palicanus,,177684.0,2.0,Good,,,,,,,,1.0,,2025T195,,,,,
finds-1203117,1203117,WREX-37BFE7,COIN,ROMAN,"A silver Roman repuiblican denarius of Q. Caecilius Metellus Pius dating to c. 81 BC (Reece Period 1). Obverse: Head of Pietas right, wearing diadem; before, a stork standing right. Reverse: Q.C.M.P.I. Elephant standing left. RRC, p. 390, no. 374/1.",,21,21,-81.0,-81.0,3,WREX,,NWales PAS 1051,2025-02-05T14:55:58Z,2025-02-06T19:25:31Z,3.41,PAS67A37BFE0017B6,16.9,,1,22.0,1,4,1,41431.0,43552.0,12411.0,43552.0,Cheshire West and Chester,Cheshire West and Chester,Tiverton,,SJ5460,bands.shops.handy,10.0,WREX-37E718,242.0,188,"Head of Pietas right, wearing diadem; before, a stork standing right",,Elephant standing left,Q.C.M.P.I.,1,-/-//-,Denarius (Roman Republic),Republic,Silver,11728.0,Complete,ROMAN,x41218,ROMAN,x41218,x41218,Metal detector,Returned to finder,WREX-37BFE7_67a37ea1de9b0.jpg,1315824.0,images/susiewhite/,North West,Certain,1,2025-02-06T19:25:31.671Z,2024-01-25T00:00:00Z,2024-01-25T00:00:00Z,2.0,53.13515952,-2.68902574,300.0,11.0,Italian mint,,,,x18115,,,,Struck or hammered,214.0,rrc-374.1,"Caecilius Metellus Pius, Q.",,177088.0,2.0,Good,,,,,,,,,,,,,,,
finds-1202966,1202966,OXON-347195,COIN,ROMAN,"A silver Roman denarius of Tiberius (AD&nbsp;14-37), dating to the period c.AD 14-37 (Reece period 1). PONTIF MAXIM reverse type depicting Pax or Livia seated right holding branch and vertical sceptre, chair legs ornamented, single line below.&nbsp;&nbsp;Mint of Lyon.&nbsp;RIC&nbsp;I (2nd ed.), p. 95, no. 30.",,21,21,14.0,37.0,4,OXON,,OMS receipt 3160,2025-02-05T11:10:17Z,2025-07-23T08:46:35Z,3.42,PAS67A347190014EF,19.62,1.86,1,22.0,1,4,1,41421.0,8328.0,8517.0,8504.0,Oxfordshire,Cherwell,Souldern,,SP5030,bands.shops.handy,6.0,OXON-348625,244.0,25,Laureate head right.,[TI CAESAR] DIVI AVG [F AVGVSTVS] (retrograde),"Livia, as Pax, seated right on throne, holding long sceptre and olive branch, chair legs ornamented, single line below.",PONTIF [MAXIM] (retrograde),1,-//-,Denarius (Empire),Tiberius,Silver,11728.0,Complete,ROMAN,x41218,ROMAN,x41218,x41218,Metal detector,Returned to finder,OXON-347195_67ac7afbd0b97.jpg,1317113.0,images/bertie123/,South East,Certain,1,2025-07-23T07:46:35.141Z,2024-09-18T00:00:00Z,2024-10-30T00:00:00Z,2.0,51.96623587,-1.27364702,137.0,11.0,Lugdunum,167717.0,lugdunum,20068132.0,x29284,tiberius,Tiberius,89600176.0,Struck or hammered,,,,,,,,,,,ric.1(2).tib.30,,,,,,,,,,,
finds-1202579,1202579,SWYOR-0BFE82,COIN,ROMAN,"A silver Roman Republican denarius issued by C. Numitorius in c. 133 BC or M. Fannius in c. 123 BC (Reece Period 1). Obverse: ROMA.&nbsp;Helmeted head of Roma, right; to right&nbsp;below, crossed X or X. Border of dots. Reverse: C&middot;NVMITORI or M&middot;FA͡N&middot;C&middot;F.&nbsp;Victory in quadriga, right, holding reins in left hand and wreath in right hand. Line border. Mint of Rome. RRC, cf. p. 277, no. 246/1; p. 295, no. 275/1.

Measurements: diameter 18.8mm;&nbsp;thickness 1.6mm; weight 3.53g; die axis: 9.",,21,21,-133.0,-132.0,3,SWYOR,,PAS form number 4557,2025-02-03T13:08:56Z,2025-05-27T09:18:44Z,3.53,PAS67A0BFE8001287,18.8,1.6,1,22.0,1,4,1,41430.0,22028.0,21049.0,21055.0,North Yorkshire,Selby,Cawood,,SE5637,bands.shops.handy,10.0,SWYOR-0C0163,242.0,188,"Helmeted head of Roma, right; to right below, crossed X or X. Border of dots",ROMA,"Victory in quadriga, right, holding reins in left hand and wreath in right hand. Line border",[C·NVMITORI] or [M·FA͡N·C·F],1,-/-//-,Denarius (Roman Republic),Republic,Silver,11728.0,Complete,ROMAN,x41218,ROMAN,x41218,x41218,Metal detector,Returned to finder,SWYOR-0BFE82_67b4ca85825c8.jpg,1318216.0,images/ikw1945/,Yorkshire and the Humber,Certain,1,2025-05-27T08:18:44.639Z,2024-10-15T00:00:00Z,2024-10-15T00:00:00Z,2.0,53.82625944,-1.15072123,180.0,9.0,Rome,423025.0,rome,12843585.0,x25706,,,,Struck or hammered,,,,,,2.0,Good,,,,,,,,,,,,,,,
finds-1201988,1201988,NARC-B4DFE0,COIN,ROMAN,"A complete silver denarius of Marc Anthony dating to the period 32-31 BC (Reece Period 1). Legionary eagle with two standards reverse for fifth legion. C mint. 

Diameter: 17.32mm, Weight: 3.2g

Seaby, Vol I, P 110, No 32.&nbsp; ",,21,21,-32.0,-31.0,4,NARC,,,2025-01-30T10:01:34Z,2025-01-30T10:03:48Z,3.2,PAS679B4DFE00107F,17.32,,1,22.0,1,4,1,41425.0,1386.0,1609.0,1470.0,Cambridgeshire,Huntingdonshire,Great Gidding,,TL1184,bands.shops.handy,6.0,NARC-B4E199,242.0,188,Galley right,ANT.AVG/III.VIR.P.R.C,Legionary eagle with two standards,[LE]G/V,1,,Denarius (Roman Republic),Republic,Silver,11728.0,Complete,ROMAN,x41218,ROMAN,x41218,x41218,Metal detector,Returned to finder,NARC-B4DFE0_679b4e55970df.jpg,1314386.0,images/elliecox05/,Eastern,Certain,1,2025-01-30T10:03:48.537Z,,,2.0,52.44270272,-0.36837636,297.0,12.0,Moving with Republican issuer,,,,,,,,Struck or hammered,,,,,,1.0,Fair,,,,,,,,,,,,1.0,2.0,Early,Middle
finds-1201569,1201569,SUR-8C2F5D,COIN,ROMAN,"A damaged plated silver Roman Republican denarius issued by Cassius (Gaius Cassis Longinus) and dating to 42 BC (Reece period 1). Obverse: diademed head of Libertas, right, [C CASSI IMP LIBERTAS]. Reverse: jug and lituus,&nbsp;LENTVLVS SPINT. As RRC 1444.

The coin has been holed and damaged, which may represent an attempt at piercing. This has revealed the copper alloy core to the coin.",,21,21,-42.0,-42.0,4,SUR,,MWS,2025-01-28T11:43:49Z,2025-01-29T08:37:13Z,2.6,PAS6798C2F5001E57,18.7,1.4,1,7.0,1,4,1,,38141.0,17254.0,38141.0,Swindon,Swindon,Wanborough,,SU1985,bands.shops.handy,10.0,SUR-8C35F3,242.0,188,"Diademed head of Libertas, right.",[...]IMP[...],Jug and lituus.,LENTVLVS SPINT,1,,Denarius (Roman Republic),Republic,Copper alloy,10627.0,Complete,ROMAN,x41218,ROMAN,x41218,x41218,Metal detector,Returned to finder,SUR-8C2F5D_6799e8b326ac5.jpg,1314027.0,images/smaslin/,,Certain,1,2025-01-29T08:37:13.71Z,2024-05-04T00:00:00Z,,2.0,51.56356067,-1.72729576,180.0,6.0,Rome,423025.0,rome,12843585.0,x25706,,,,Struck or hammered,,,,,,,,22.0,Silver,11728.0,,,,,,,,,,,,
finds-1198637,1198637,YORYM-FD95AF,COIN,ROMAN,"A silver Roman Republican denarius&nbsp;issued by&nbsp;Appius Claudius Pulcher, T. Mal and Q. Urbinus;&nbsp;dating to 111-110&nbsp;BC&nbsp;(Reece Period 1). T M AP CL Q VR reverse type depicting&nbsp;Victory in triga, right, holding reins in both hands. Mint of Rome.

As&nbsp;RRC, p.312, no.299/1b.",,21,21,-111.0,-110.0,4,YORYM,,YMT : E07565,2025-01-09T14:12:42Z,2025-01-14T11:51:28Z,3.39,PAS677FD95A001F98,16.95,,1,22.0,1,4,1,41430.0,25635.0,4444.0,25635.0,East Riding of Yorkshire,East Riding of Yorkshire,Restricted Access,Londesborough area,Restricted Access,bands.shops.handy,8.0,YORYM-FDA103,242.0,188,"Helmeted head of Roma, right",,"Victory in triga, right, holding reins in both hands",T M AP CL Q [VR],1,,Denarius (Roman Republic),Republic,Silver,11728.0,Complete,ROMAN,x41218,ROMAN,x41218,x41218,Metal detector,Returned to finder,YORYM-FD95AF_678640a7a84d7.jpg,1311614.0,images/adamrivettpas/,Yorkshire and the Humber,Certain,1,2025-01-14T11:51:28.247Z,,,2.0,,,180.0,6.0,Rome,423025.0,rome,12843585.0,x25706,,,,Struck or hammered,144.0,rrc-299.1b,"Claudius Pulcher, Appius",,175812.0,,,,,,,,,,,,,,,,,
finds-1197085,1197085,SF-3F0350,COIN,ROMAN,"A complete silver Roman denarius of Tiberius, dating to the period AD&nbsp;14-37 (Reece period 1).&nbsp;PONTIF MAXIM reverse type, depicting&nbsp;Livia, as Pax, seated right on throne, holding long sceptre and olive branch, chair legs ornamented, single line below. Mint of Lugdunum.

RIC no.30",,21,21,14.0,37.0,4,SF,,,2024-12-19T10:06:45Z,2025-01-23T13:58:21Z,3.67,PAS6763F035001052,18.35,2.38,1,22.0,1,4,1,41425.0,15934.0,15805.0,15647.0,Suffolk,St. Edmundsbury,Restricted Access,Cavendish,Restricted Access,bands.shops.handy,10.0,SF-3F05B5,244.0,25,Laureate head right,TI CAESAR DIVI AVG F AVGVSTVS,"Livia, as Pax, seated right on throne, holding long sceptre and olive branch, chair legs ornamented, single line below",PONTIF MAXIM,1,,Denarius (Empire),Tiberius,Silver,11728.0,Complete,ROMAN,x41218,ROMAN,x41218,x41218,Metal detector,Returned to finder,SF-3F0350_67924ade8c170.jpg,1313276.0,images/annab/,Eastern,Certain,1,2025-01-23T13:58:21.366Z,2024-10-01T00:00:00Z,,2.0,52.0873118,0.6336715,137.0,3.0,Lugdunum,167717.0,lugdunum,20068132.0,x29284,tiberius,Tiberius,89600176.0,Struck or hammered,,,,,,,,,,,,,,,,,,,,,,
finds-1196864,1196864,SUSS-1967B5,COIN,ROMAN,"A silver Roman Republican denarius of C. Considius Paetus, dating to the period c.46&nbsp;BC&nbsp;(Reece period 1). Mint of Rome. As, RRC&nbsp;465/4.

Obv.: [PAETI], Laureate and diademed head of Venus left

Rev.: C.CONSIDI (in exergue), Victory in quadriga left holding palm and reins in left hand, wreath in right hand",,21,21,-46.0,-46.0,4,SUSS,,,2024-12-17T15:19:23Z,2024-12-18T12:23:34Z,2.87,PAS6761967B0014FA,17.48,,1,22.0,1,4,1,41425.0,7238.0,7033.0,6917.0,Norfolk,Breckland,Horningtoft,,TF9323,bands.shops.handy,10.0,SUSS-198048,242.0,188,Laureate and diademed head of Venus left,[PAETI],"Victory in quadriga left holding palm and reins in left hand, wreath in right hand",[C.C]ONSIDI,1,-//-,Denarius (Roman Republic),Republic,Silver,11728.0,Complete,ROMAN,x41218,ROMAN,x41218,x41218,Metal detector,Returned to finder,SUSS-1967B5_6762be71a5cf4.jpg,1309088.0,images/janeclark68s/,Eastern,Certain,1,2024-12-18T12:23:34.253Z,2024-11-17T00:00:00Z,,2.0,52.77009398,0.85947986,180.0,8.0,Rome,423025.0,rome,12843585.0,x25706,,,,Struck or hammered,285.0,rrc-465.4,"Considius Paetus, C.",,177671.0,,,,,,,,,,,,,,,,,
